cdate,working_code_l1,working_code_l2,working_code_l3,name,workers,total_hour
2022-02-28,INBOUND,OTHERS,ABNORMAL,進貨異常,2,16.3
2022-02-28,INBOUND,OTHERS,FIVES,進貨5S,12,20.3
2022-02-28,INBOUND,PUTAWAY,SHELF,上架基架,2,1.4
2022-02-28,INBOUND,PUTAWAY,TRANSPORT,上架拉貨,11,44.3
2022-03-01,INBOUND,ARRIVAL,ARRIVAL,收貨,1,2.9
2022-03-01,INBOUND,ARRIVAL,DOCK,碼頭收發,1,2.2
2022-03-01,INBOUND,COUNTING,COUNTING,進貨計數,8,26.5
2022-03-01,INBOUND,LABELING,LABELING,貼標,5,11.8
2022-03-01,INBOUND,LABELING,PRINT,印標,2,7.2
2022-03-01,INBOUND,MGMT,CONTROL,進貨控場,1,7.7
2022-03-01,INBOUND,OTHERS,ABNORMAL,進貨異常,2,19.0
2022-03-01,INBOUND,OTHERS,FIVES,進貨5S,18,16.8
2022-03-01,INBOUND,PUTAWAY,SHELF,上架基架,9,11.4
2022-03-01,INBOUND,PUTAWAY,TRANSPORT,上架拉貨,16,26.1
2022-03-01,INBOUND,QC,QC,品管,2,4.0
2022-03-01,INBOUND,RECEIVED,CONTROL,貴重驗收,1,0.2
2022-03-01,INBOUND,RECEIVED,SMALL,小驗,7,9.8
2022-03-02,INBOUND,ARRIVAL,ARRIVAL,收貨,2,6.4
2022-03-02,INBOUND,ARRIVAL,DOCK,碼頭收發,3,7.5
2022-03-02,INBOUND,COUNTING,COUNTING,進貨計數,12,43.1
2022-03-02,INBOUND,LABELING,LABELING,貼標,11,24.0
2022-03-02,INBOUND,LABELING,PRINT,印標,1,6.9
2022-03-02,INBOUND,MGMT,CONTROL,進貨控場,2,19.5
2022-03-02,INBOUND,OTHERS,ABNORMAL,進貨異常,2,20.3
2022-03-02,INBOUND,OTHERS,FIVES,進貨5S,11,6.8
2022-03-02,INBOUND,PUTAWAY,PALLETFOURF,上架棧板_四樓,2,5.7
2022-03-02,INBOUND,PUTAWAY,SHELF,上架基架,6,10.3
2022-03-02,INBOUND,PUTAWAY,TRANSPORT,上架拉貨,11,26.8
2022-03-02,INBOUND,QC,QC,品管,4,6.3
2022-03-02,INBOUND,RECEIVED,BULKY,箱賣,1,0.2
2022-03-02,INBOUND,RECEIVED,CONTROL,貴重驗收,1,3.3
2022-03-02,INBOUND,RECEIVED,SMALL,小驗,9,24.5
2022-03-03,INBOUND,ARRIVAL,ARRIVAL,收貨,1,6.2
2022-03-03,INBOUND,ARRIVAL,DOCK,碼頭收發,2,6.0
2022-03-03,INBOUND,COUNTING,COUNTING,進貨計數,8,35.9
2022-03-03,INBOUND,LABELING,LABELING,貼標,4,13.5
2022-03-03,INBOUND,LABELING,PRINT,印標,1,8.4
2022-03-03,INBOUND,MGMT,CONTROL,進貨控場,2,20.1
2022-03-03,INBOUND,OTHERS,ABNORMAL,進貨異常,2,19.4
2022-03-03,INBOUND,OTHERS,FIVES,進貨5S,12,9.9
2022-03-03,INBOUND,PUTAWAY,PALLETFOURF,上架棧板_四樓,1,5.9
2022-03-03,INBOUND,PUTAWAY,SHELF,上架基架,7,10.0
2022-03-03,INBOUND,PUTAWAY,TRANSPORT,上架拉貨,12,18.5
2022-03-03,INBOUND,QC,QC,品管,5,6.0
2022-03-03,INBOUND,RECEIVED,BULKY,箱賣,1,0.2
2022-03-03,INBOUND,RECEIVED,CONTROL,貴重驗收,1,5.3
2022-03-03,INBOUND,RECEIVED,SMALL,小驗,9,15.3
2022-03-04,INBOUND,ARRIVAL,ARRIVAL,收貨,1,6.5
2022-03-04,INBOUND,ARRIVAL,DOCK,碼頭收發,2,5.6
2022-03-04,INBOUND,COUNTING,COUNTING,進貨計數,12,39.8
2022-03-04,INBOUND,LABELING,LABELING,貼標,8,20.9
2022-03-04,INBOUND,LABELING,PRINT,印標,1,9.5
2022-03-04,INBOUND,MGMT,CONTROL,進貨控場,2,20.4
2022-03-04,INBOUND,OTHERS,ABNORMAL,進貨異常,2,12.3
2022-03-04,INBOUND,OTHERS,FIVES,進貨5S,12,7.2
2022-03-04,INBOUND,OTHERS,SECONDPROCESS,加工,3,10.4
2022-03-04,INBOUND,PUTAWAY,PALLETFOURF,上架棧板_四樓,1,2.1
2022-03-04,INBOUND,PUTAWAY,SHELF,上架基架,10,13.2
2022-03-04,INBOUND,PUTAWAY,TRANSPORT,上架拉貨,9,19.3
2022-03-04,INBOUND,QC,QC,品管,3,6.4
2022-03-04,INBOUND,RECEIVED,CONTROL,貴重驗收,1,6.5
2022-03-04,INBOUND,RECEIVED,SMALL,小驗,7,20.0
2022-03-05,INBOUND,ARRIVAL,ARRIVAL,收貨,1,4.3
2022-03-05,INBOUND,ARRIVAL,DOCK,碼頭收發,2,4.6
2022-03-05,INBOUND,COUNTING,COUNTING,進貨計數,11,33.1
2022-03-05,INBOUND,LABELING,LABELING,貼標,9,18.1
2022-03-05,INBOUND,LABELING,PRINT,印標,2,5.9
2022-03-05,INBOUND,MGMT,CONTROL,進貨控場,1,5.3
2022-03-05,INBOUND,OTHERS,ABNORMAL,進貨異常,2,18.0
2022-03-05,INBOUND,OTHERS,FIVES,進貨5S,12,26.2
2022-03-05,INBOUND,OTHERS,SECONDPROCESS,加工,2,7.6
2022-03-05,INBOUND,PUTAWAY,PALLETFOURF,上架棧板_四樓,1,4.3
2022-03-05,INBOUND,PUTAWAY,SHELF,上架基架,5,5.4
2022-03-05,INBOUND,PUTAWAY,TRANSPORT,上架拉貨,10,24.4
2022-03-05,INBOUND,QC,QC,品管,4,3.3
2022-03-05,INBOUND,RECEIVED,CONTROL,貴重驗收,1,3.7
2022-03-05,INBOUND,RECEIVED,SMALL,小驗,10,16.4
2022-03-06,INBOUND,OTHERS,ABNORMAL,進貨異常,2,18.4
2022-03-06,INBOUND,OTHERS,FIVES,進貨5S,15,18.0
2022-03-06,INBOUND,OTHERS,SECONDPROCESS,加工,1,0.4
2022-03-06,INBOUND,PUTAWAY,TRANSPORT,上架拉貨,10,29.8
2022-03-07,INBOUND,ARRIVAL,ARRIVAL,收貨,2,5.9
2022-03-07,INBOUND,ARRIVAL,DOCK,碼頭收發,2,6.3
2022-03-07,INBOUND,COUNTING,COUNTING,進貨計數,11,48.8
2022-03-07,INBOUND,LABELING,LABELING,貼標,7,19.6
2022-03-07,INBOUND,LABELING,PRINT,印標,2,8.0
2022-03-07,INBOUND,MGMT,CONTROL,進貨控場,1,9.3
2022-03-07,INBOUND,OTHERS,ABNORMAL,進貨異常,2,16.9
2022-03-07,INBOUND,OTHERS,FIVES,進貨5S,13,10.1
2022-03-07,INBOUND,OTHERS,SECONDPROCESS,加工,7,7.9
2022-03-07,INBOUND,PUTAWAY,PALLETFOURF,上架棧板_四樓,1,1.0
2022-03-07,INBOUND,PUTAWAY,SHELF,上架基架,14,14.8
2022-03-07,INBOUND,PUTAWAY,TRANSPORT,上架拉貨,15,18.6
2022-03-07,INBOUND,QC,QC,品管,1,6.9
2022-03-07,INBOUND,RECEIVED,BULKY,箱賣,1,0.8
2022-03-07,INBOUND,RECEIVED,CONTROL,貴重驗收,1,0.2
2022-03-07,INBOUND,RECEIVED,SMALL,小驗,4,19.1
2022-03-08,INBOUND,ARRIVAL,ARRIVAL,收貨,1,6.0
2022-03-08,INBOUND,ARRIVAL,DOCK,碼頭收發,2,5.3
2022-03-08,INBOUND,COUNTING,COUNTING,進貨計數,10,43.5
2022-03-08,INBOUND,LABELING,LABELING,貼標,7,24.4
2022-03-08,INBOUND,LABELING,PRINT,印標,3,9.6
2022-03-08,INBOUND,MGMT,CONTROL,進貨控場,1,10.1
2022-03-08,INBOUND,OTHERS,ABNORMAL,進貨異常,2,9.7
2022-03-08,INBOUND,OTHERS,FIVES,進貨5S,10,4.0
2022-03-08,INBOUND,OTHERS,SECONDPROCESS,加工,5,16.6
2022-03-08,INBOUND,PUTAWAY,PALLETFOURF,上架棧板_四樓,1,3.8
2022-03-08,INBOUND,PUTAWAY,SHELF,上架基架,8,6.9
2022-03-08,INBOUND,PUTAWAY,TRANSPORT,上架拉貨,11,12.2
2022-03-08,INBOUND,QC,QC,品管,2,6.5
2022-03-08,INBOUND,RECEIVED,CONTROL,貴重驗收,2,8.0
2022-03-08,INBOUND,RECEIVED,SMALL,小驗,4,17.8
2022-03-09,INBOUND,ARRIVAL,ARRIVAL,收貨,2,9.9
2022-03-09,INBOUND,ARRIVAL,DOCK,碼頭收發,3,8.4
2022-03-09,INBOUND,COUNTING,COUNTING,進貨計數,12,42.2
2022-03-09,INBOUND,LABELING,LABELING,貼標,11,22.7
2022-03-09,INBOUND,LABELING,PRINT,印標,1,5.6
2022-03-09,INBOUND,MGMT,CONTROL,進貨控場,2,20.4
2022-03-09,INBOUND,OTHERS,ABNORMAL,進貨異常,1,9.5
2022-03-09,INBOUND,OTHERS,FIVES,進貨5S,13,2.7
2022-03-09,INBOUND,OTHERS,SECONDPROCESS,加工,4,10.1
2022-03-09,INBOUND,PUTAWAY,PALLETFOURF,上架棧板_四樓,1,2.9
2022-03-09,INBOUND,PUTAWAY,SHELF,上架基架,8,7.6
2022-03-09,INBOUND,PUTAWAY,TRANSPORT,上架拉貨,14,24.7
2022-03-09,INBOUND,QC,QC,品管,4,5.5
2022-03-09,INBOUND,RECEIVED,BULKY,箱賣,1,0.9
2022-03-09,INBOUND,RECEIVED,CONTROL,貴重驗收,1,5.5
2022-03-09,INBOUND,RECEIVED,SMALL,小驗,6,19.8
2022-03-10,INBOUND,ARRIVAL,ARRIVAL,收貨,2,6.4
2022-03-10,INBOUND,ARRIVAL,DOCK,碼頭收發,2,8.1
2022-03-10,INBOUND,COUNTING,COUNTING,進貨計數,10,50.2
2022-03-10,INBOUND,LABELING,LABELING,貼標,7,20.4
2022-03-10,INBOUND,LABELING,PRINT,印標,2,10.0
2022-03-10,INBOUND,MGMT,CONTROL,進貨控場,2,17.3
2022-03-10,INBOUND,OTHERS,ABNORMAL,進貨異常,2,19.4
2022-03-10,INBOUND,OTHERS,FIVES,進貨5S,7,2.9
2022-03-10,INBOUND,PUTAWAY,PALLETFOURF,上架棧板_四樓,1,6.6
2022-03-10,INBOUND,PUTAWAY,SHELF,上架基架,5,9.3
2022-03-10,INBOUND,PUTAWAY,TRANSPORT,上架拉貨,7,17.7
2022-03-10,INBOUND,QC,QC,品管,2,8.4
2022-03-10,INBOUND,RECEIVED,BULKY,箱賣,1,0.1
2022-03-10,INBOUND,RECEIVED,CONTROL,貴重驗收,1,2.3
2022-03-10,INBOUND,RECEIVED,SMALL,小驗,7,25.5
2022-03-11,INBOUND,ARRIVAL,ARRIVAL,收貨,2,11.6
2022-03-11,INBOUND,ARRIVAL,DOCK,碼頭收發,4,7.9
2022-03-11,INBOUND,COUNTING,COUNTING,進貨計數,9,36.4
2022-03-11,INBOUND,LABELING,LABELING,貼標,11,23.2
2022-03-11,INBOUND,LABELING,PRINT,印標,1,6.9
2022-03-11,INBOUND,MGMT,CONTROL,進貨控場,2,20.2
2022-03-11,INBOUND,OTHERS,ABNORMAL,進貨異常,1,8.7
2022-03-11,INBOUND,OTHERS,FIVES,進貨5S,5,1.5
2022-03-11,INBOUND,OTHERS,SECONDPROCESS,加工,3,9.8
2022-03-11,INBOUND,PUTAWAY,PALLETFOURF,上架棧板_四樓,1,2.0
2022-03-11,INBOUND,PUTAWAY,SHELF,上架基架,10,11.3
2022-03-11,INBOUND,PUTAWAY,TRANSPORT,上架拉貨,6,25.9
2022-03-11,INBOUND,QC,QC,品管,2,7.1
2022-03-11,INBOUND,RECEIVED,BULKY,箱賣,4,1.2
2022-03-11,INBOUND,RECEIVED,CONTROL,貴重驗收,1,3.7
2022-03-11,INBOUND,RECEIVED,SMALL,小驗,8,20.6
2022-03-12,INBOUND,ARRIVAL,ARRIVAL,收貨,1,4.1
2022-03-12,INBOUND,ARRIVAL,DOCK,碼頭收發,2,3.2
2022-03-12,INBOUND,COUNTING,COUNTING,進貨計數,10,47.9
2022-03-12,INBOUND,LABELING,LABELING,貼標,9,18.6
2022-03-12,INBOUND,LABELING,PRINT,印標,1,8.9
2022-03-12,INBOUND,MGMT,CONTROL,進貨控場,2,20.5
2022-03-12,INBOUND,OTHERS,ABNORMAL,進貨異常,1,9.4
2022-03-12,INBOUND,OTHERS,FIVES,進貨5S,10,5.0
2022-03-12,INBOUND,PUTAWAY,PALLETFOURF,上架棧板_四樓,1,3.0
2022-03-12,INBOUND,PUTAWAY,SHELF,上架基架,12,14.7
2022-03-12,INBOUND,PUTAWAY,TRANSPORT,上架拉貨,5,13.9
2022-03-12,INBOUND,QC,QC,品管,3,6.3
2022-03-12,INBOUND,RECEIVED,CONTROL,貴重驗收,1,0.0
2022-03-12,INBOUND,RECEIVED,SMALL,小驗,8,22.6
2022-03-13,INBOUND,COUNTING,COUNTING,進貨計數,9,22.4
2022-03-13,INBOUND,LABELING,LABELING,貼標,7,10.7
2022-03-13,INBOUND,LABELING,PRINT,印標,1,5.0
2022-03-13,INBOUND,MGMT,CONTROL,進貨控場,1,8.5
2022-03-13,INBOUND,OTHERS,ABNORMAL,進貨異常,3,19.0
2022-03-13,INBOUND,OTHERS,FIVES,進貨5S,16,22.2
2022-03-13,INBOUND,OTHERS,SECONDPROCESS,加工,4,11.8
2022-03-13,INBOUND,PUTAWAY,PALLETFOURF,上架棧板_四樓,1,2.7
2022-03-13,INBOUND,PUTAWAY,SHELF,上架基架,8,5.8
2022-03-13,INBOUND,PUTAWAY,TRANSPORT,上架拉貨,10,22.3
2022-03-13,INBOUND,QC,QC,品管,4,3.6
2022-03-13,INBOUND,RECEIVED,CONTROL,貴重驗收,2,5.1
2022-03-13,INBOUND,RECEIVED,SMALL,小驗,10,10.2
2022-03-14,INBOUND,ARRIVAL,ARRIVAL,收貨,2,6.2
2022-03-14,INBOUND,ARRIVAL,DOCK,碼頭收發,2,8.9
2022-03-14,INBOUND,COUNTING,COUNTING,進貨計數,12,56.9
2022-03-14,INBOUND,LABELING,LABELING,貼標,4,20.5
2022-03-14,INBOUND,LABELING,PRINT,印標,2,9.3
2022-03-14,INBOUND,MGMT,CONTROL,進貨控場,1,9.0
2022-03-14,INBOUND,OTHERS,ABNORMAL,進貨異常,2,19.1
2022-03-14,INBOUND,OTHERS,FIVES,進貨5S,15,10.3
2022-03-14,INBOUND,PUTAWAY,PALLETFOURF,上架棧板_四樓,1,0.2
2022-03-14,INBOUND,PUTAWAY,SHELF,上架基架,12,11.7
2022-03-14,INBOUND,PUTAWAY,TRANSPORT,上架拉貨,10,13.1
2022-03-14,INBOUND,QC,QC,品管,2,9.8
2022-03-14,INBOUND,RECEIVED,CONTROL,貴重驗收,1,5.7
2022-03-14,INBOUND,RECEIVED,SMALL,小驗,8,20.6
2022-03-15,INBOUND,ARRIVAL,ARRIVAL,收貨,1,4.7
2022-03-15,INBOUND,ARRIVAL,DOCK,碼頭收發,2,6.1
2022-03-15,INBOUND,COUNTING,COUNTING,進貨計數,14,54.0
2022-03-15,INBOUND,LABELING,LABELING,貼標,7,24.9
2022-03-15,INBOUND,LABELING,PRINT,印標,1,8.9
2022-03-15,INBOUND,MGMT,CONTROL,進貨控場,1,9.8
2022-03-15,INBOUND,OTHERS,ABNORMAL,進貨異常,2,17.2
2022-03-15,INBOUND,OTHERS,FIVES,進貨5S,14,15.5
2022-03-15,INBOUND,OTHERS,SECONDPROCESS,加工,5,4.9
2022-03-15,INBOUND,PUTAWAY,PALLETFOURF,上架棧板_四樓,1,4.4
2022-03-15,INBOUND,PUTAWAY,SHELF,上架基架,12,15.3
2022-03-15,INBOUND,PUTAWAY,TRANSPORT,上架拉貨,15,12.7
2022-03-15,INBOUND,QC,QC,品管,3,8.8
2022-03-15,INBOUND,RECEIVED,CONTROL,貴重驗收,1,3.4
2022-03-15,INBOUND,RECEIVED,SMALL,小驗,6,19.8
2022-03-16,INBOUND,ARRIVAL,ARRIVAL,收貨,2,8.3
2022-03-16,INBOUND,ARRIVAL,DOCK,碼頭收發,2,8.5
2022-03-16,INBOUND,COUNTING,COUNTING,進貨計數,18,50.5
2022-03-16,INBOUND,LABELING,LABELING,貼標,10,24.0
2022-03-16,INBOUND,LABELING,PRINT,印標,1,7.6
2022-03-16,INBOUND,MGMT,CONTROL,進貨控場,2,16.6
2022-03-16,INBOUND,OTHERS,ABNORMAL,進貨異常,3,13.4
2022-03-16,INBOUND,OTHERS,FIVES,進貨5S,11,4.8
2022-03-16,INBOUND,OTHERS,SECONDPROCESS,加工,8,16.2
2022-03-16,INBOUND,PUTAWAY,PALLETFOURF,上架棧板_四樓,1,2.4
2022-03-16,INBOUND,PUTAWAY,SHELF,上架基架,8,10.3
2022-03-16,INBOUND,PUTAWAY,TRANSPORT,上架拉貨,15,30.6
2022-03-16,INBOUND,QC,QC,品管,5,6.3
2022-03-16,INBOUND,RECEIVED,BULKY,箱賣,1,0.2
2022-03-16,INBOUND,RECEIVED,CONTROL,貴重驗收,2,2.6
2022-03-16,INBOUND,RECEIVED,SMALL,小驗,7,19.0
2022-03-17,INBOUND,ARRIVAL,ARRIVAL,收貨,2,7.0
2022-03-17,INBOUND,ARRIVAL,DOCK,碼頭收發,2,6.8
2022-03-17,INBOUND,COUNTING,COUNTING,進貨計數,17,48.8
2022-03-17,INBOUND,LABELING,LABELING,貼標,13,26.4
2022-03-17,INBOUND,LABELING,PRINT,印標,1,7.4
2022-03-17,INBOUND,MGMT,CONTROL,進貨控場,3,25.1
2022-03-17,INBOUND,OTHERS,ABNORMAL,進貨異常,2,15.6
2022-03-17,INBOUND,OTHERS,FIVES,進貨5S,21,9.0
2022-03-17,INBOUND,OTHERS,SECONDPROCESS,加工,1,1.2
2022-03-17,INBOUND,PUTAWAY,PALLETFOURF,上架棧板_四樓,1,1.7
2022-03-17,INBOUND,PUTAWAY,SHELF,上架基架,6,10.0
2022-03-17,INBOUND,PUTAWAY,TRANSPORT,上架拉貨,11,24.1
2022-03-17,INBOUND,QC,QC,品管,5,6.7
2022-03-17,INBOUND,RECEIVED,BULKY,箱賣,1,0.5
2022-03-17,INBOUND,RECEIVED,CONTROL,貴重驗收,1,3.8
2022-03-17,INBOUND,RECEIVED,SMALL,小驗,9,25.4
2022-03-18,INBOUND,ARRIVAL,ARRIVAL,收貨,2,6.0
2022-03-18,INBOUND,ARRIVAL,DOCK,碼頭收發,2,6.3
2022-03-18,INBOUND,COUNTING,COUNTING,進貨計數,21,47.6
2022-03-18,INBOUND,LABELING,LABELING,貼標,19,22.4
2022-03-18,INBOUND,LABELING,PRINT,印標,2,6.5
2022-03-18,INBOUND,MGMT,CONTROL,進貨控場,4,23.8
2022-03-18,INBOUND,OTHERS,ABNORMAL,進貨異常,3,22.9
2022-03-18,INBOUND,OTHERS,FIVES,進貨5S,25,14.8
2022-03-18,INBOUND,PUTAWAY,PALLETFOURF,上架棧板_四樓,2,5.5
2022-03-18,INBOUND,PUTAWAY,SHELF,上架基架,13,9.3
2022-03-18,INBOUND,PUTAWAY,TRANSPORT,上架拉貨,28,41.2
2022-03-18,INBOUND,QC,QC,品管,4,5.1
2022-03-18,INBOUND,RECEIVED,BULKY,箱賣,2,0.3
2022-03-18,INBOUND,RECEIVED,CONTROL,貴重驗收,1,1.8
2022-03-18,INBOUND,RECEIVED,SMALL,小驗,16,22.3
2022-03-19,INBOUND,ARRIVAL,ARRIVAL,收貨,1,3.9
2022-03-19,INBOUND,ARRIVAL,DOCK,碼頭收發,2,4.8
2022-03-19,INBOUND,COUNTING,COUNTING,進貨計數,8,13.0
2022-03-19,INBOUND,LABELING,LABELING,貼標,8,10.1
2022-03-19,INBOUND,LABELING,PRINT,印標,1,3.1
2022-03-19,INBOUND,MGMT,CONTROL,進貨控場,2,15.7
2022-03-19,INBOUND,OTHERS,ABNORMAL,進貨異常,3,17.4
2022-03-19,INBOUND,OTHERS,FIVES,進貨5S,19,25.6
2022-03-19,INBOUND,PUTAWAY,PALLETFOURF,上架棧板_四樓,1,3.3
2022-03-19,INBOUND,PUTAWAY,SHELF,上架基架,10,6.0
2022-03-19,INBOUND,PUTAWAY,TRANSPORT,上架拉貨,19,24.0
2022-03-19,INBOUND,QC,QC,品管,2,3.0
2022-03-19,INBOUND,RECEIVED,CONTROL,貴重驗收,4,14.3
2022-03-19,INBOUND,RECEIVED,SMALL,小驗,5,5.9
2022-03-20,INBOUND,OTHERS,ABNORMAL,進貨異常,3,8.2
2022-03-20,INBOUND,OTHERS,FIVES,進貨5S,7,12.4
2022-03-20,INBOUND,OTHERS,SECONDPROCESS,加工,3,14.2
2022-03-20,INBOUND,PUTAWAY,SHELF,上架基架,2,0.9
2022-03-20,INBOUND,RECEIVED,CONTROL,貴重驗收,1,0.8
2022-03-21,INBOUND,ARRIVAL,ARRIVAL,收貨,2,4.4
2022-03-21,INBOUND,ARRIVAL,DOCK,碼頭收發,2,6.3
2022-03-21,INBOUND,COUNTING,COUNTING,進貨計數,17,40.9
2022-03-21,INBOUND,LABELING,LABELING,貼標,15,20.0
2022-03-21,INBOUND,LABELING,PRINT,印標,1,4.8
2022-03-21,INBOUND,MGMT,CONTROL,進貨控場,2,15.9
2022-03-21,INBOUND,OTHERS,ABNORMAL,進貨異常,2,12.9
2022-03-21,INBOUND,OTHERS,FIVES,進貨5S,16,9.4
2022-03-21,INBOUND,PUTAWAY,SHELF,上架基架,10,9.6
2022-03-21,INBOUND,PUTAWAY,TRANSPORT,上架拉貨,4,6.3
2022-03-21,INBOUND,QC,QC,品管,3,8.5
2022-03-21,INBOUND,RECEIVED,BULKY,箱賣,1,0.4
2022-03-21,INBOUND,RECEIVED,SMALL,小驗,12,17.2
2022-03-22,INBOUND,ARRIVAL,ARRIVAL,收貨,2,8.2
2022-03-22,INBOUND,ARRIVAL,DOCK,碼頭收發,2,7.5
2022-03-22,INBOUND,COUNTING,COUNTING,進貨計數,15,38.2
2022-03-22,INBOUND,LABELING,LABELING,貼標,15,23.3
2022-03-22,INBOUND,LABELING,PRINT,印標,2,6.7
2022-03-22,INBOUND,MGMT,CONTROL,進貨控場,3,22.8
2022-03-22,INBOUND,OTHERS,ABNORMAL,進貨異常,2,10.7
2022-03-22,INBOUND,OTHERS,FIVES,進貨5S,21,9.8
2022-03-22,INBOUND,PUTAWAY,PALLETFOURF,上架棧板_四樓,1,6.9
2022-03-22,INBOUND,PUTAWAY,SHELF,上架基架,13,11.1
2022-03-22,INBOUND,PUTAWAY,TRANSPORT,上架拉貨,2,5.6
2022-03-22,INBOUND,QC,QC,品管,4,7.0
2022-03-22,INBOUND,RECEIVED,BULKY,箱賣,1,0.6
2022-03-22,INBOUND,RECEIVED,CONTROL,貴重驗收,1,2.0
2022-03-22,INBOUND,RECEIVED,SMALL,小驗,9,16.1
2022-03-23,INBOUND,ARRIVAL,ARRIVAL,收貨,2,8.1
2022-03-23,INBOUND,ARRIVAL,DOCK,碼頭收發,3,9.9
2022-03-23,INBOUND,COUNTING,COUNTING,進貨計數,19,51.3
2022-03-23,INBOUND,LABELING,LABELING,貼標,16,34.9
2022-03-23,INBOUND,LABELING,PRINT,印標,1,6.0
2022-03-23,INBOUND,MGMT,CONTROL,進貨控場,3,12.6
2022-03-23,INBOUND,OTHERS,ABNORMAL,進貨異常,2,15.8
2022-03-23,INBOUND,OTHERS,FIVES,進貨5S,23,15.8
2022-03-23,INBOUND,PUTAWAY,PALLETFOURF,上架棧板_四樓,2,2.1
2022-03-23,INBOUND,PUTAWAY,SHELF,上架基架,16,18.0
2022-03-23,INBOUND,PUTAWAY,TRANSPORT,上架拉貨,6,12.5
2022-03-23,INBOUND,QC,QC,品管,3,7.0
2022-03-23,INBOUND,RECEIVED,CONTROL,貴重驗收,2,5.5
2022-03-23,INBOUND,RECEIVED,SMALL,小驗,9,23.2
2022-03-24,INBOUND,ARRIVAL,ARRIVAL,收貨,2,7.3
2022-03-24,INBOUND,ARRIVAL,DOCK,碼頭收發,2,9.9
2022-03-24,INBOUND,COUNTING,COUNTING,進貨計數,14,47.1
2022-03-24,INBOUND,LABELING,LABELING,貼標,15,31.5
2022-03-24,INBOUND,LABELING,PRINT,印標,2,7.9
2022-03-24,INBOUND,MGMT,CONTROL,進貨控場,2,14.3
2022-03-24,INBOUND,OTHERS,ABNORMAL,進貨異常,2,14.5
2022-03-24,INBOUND,OTHERS,FIVES,進貨5S,16,12.6
2022-03-24,INBOUND,PUTAWAY,PALLETFOURF,上架棧板_四樓,2,2.3
2022-03-24,INBOUND,PUTAWAY,SHELF,上架基架,10,13.2
2022-03-24,INBOUND,PUTAWAY,TRANSPORT,上架拉貨,5,14.0
2022-03-24,INBOUND,QC,QC,品管,4,7.8
2022-03-24,INBOUND,RECEIVED,BULKY,箱賣,2,1.0
2022-03-24,INBOUND,RECEIVED,CONTROL,貴重驗收,2,9.0
2022-03-24,INBOUND,RECEIVED,SMALL,小驗,11,21.7
2022-03-25,INBOUND,ARRIVAL,ARRIVAL,收貨,1,6.0
2022-03-25,INBOUND,ARRIVAL,DOCK,碼頭收發,2,7.9
2022-03-25,INBOUND,COUNTING,COUNTING,進貨計數,13,43.0
2022-03-25,INBOUND,LABELING,LABELING,貼標,12,30.6
2022-03-25,INBOUND,LABELING,PRINT,印標,2,7.3
2022-03-25,INBOUND,MGMT,CONTROL,進貨控場,2,15.2
2022-03-25,INBOUND,OTHERS,ABNORMAL,進貨異常,2,15.7
2022-03-25,INBOUND,OTHERS,FIVES,進貨5S,17,13.6
2022-03-25,INBOUND,PUTAWAY,PALLETFOURF,上架棧板_四樓,2,3.4
2022-03-25,INBOUND,PUTAWAY,SHELF,上架基架,14,17.1
2022-03-25,INBOUND,PUTAWAY,TRANSPORT,上架拉貨,2,7.9
2022-03-25,INBOUND,QC,QC,品管,3,6.4
2022-03-25,INBOUND,RECEIVED,CONTROL,貴重驗收,2,11.7
2022-03-25,INBOUND,RECEIVED,SMALL,小驗,9,24.1
2022-03-26,INBOUND,ARRIVAL,ARRIVAL,收貨,1,2.5
2022-03-26,INBOUND,ARRIVAL,DOCK,碼頭收發,2,3.3
2022-03-26,INBOUND,COUNTING,COUNTING,進貨計數,7,15.5
2022-03-26,INBOUND,LABELING,LABELING,貼標,8,13.0
2022-03-26,INBOUND,LABELING,PRINT,印標,1,2.3
2022-03-26,INBOUND,MGMT,CONTROL,進貨控場,1,8.6
2022-03-26,INBOUND,OTHERS,ABNORMAL,進貨異常,3,16.1
2022-03-26,INBOUND,OTHERS,FIVES,進貨5S,11,10.5
2022-03-26,INBOUND,PUTAWAY,PALLETFOURF,上架棧板_四樓,1,2.2
2022-03-26,INBOUND,PUTAWAY,SHELF,上架基架,7,6.4
2022-03-26,INBOUND,PUTAWAY,TRANSPORT,上架拉貨,2,4.0
2022-03-26,INBOUND,QC,QC,品管,4,4.6
2022-03-26,INBOUND,RECEIVED,BULKY,箱賣,1,0.4
2022-03-26,INBOUND,RECEIVED,CONTROL,貴重驗收,2,9.3
2022-03-26,INBOUND,RECEIVED,SMALL,小驗,7,10.2
2022-03-27,INBOUND,ARRIVAL,DOCK,碼頭收發,1,0.0
2022-03-27,INBOUND,OTHERS,ABNORMAL,進貨異常,3,15.0
2022-03-27,INBOUND,OTHERS,FIVES,進貨5S,7,13.7
2022-03-28,INBOUND,ARRIVAL,ARRIVAL,收貨,2,9.4
2022-03-28,INBOUND,ARRIVAL,DOCK,碼頭收發,2,5.9
2022-03-28,INBOUND,COUNTING,COUNTING,進貨計數,14,31.4
2022-03-28,INBOUND,LABELING,LABELING,貼標,14,17.2
2022-03-28,INBOUND,LABELING,PRINT,印標,1,4.1
2022-03-28,INBOUND,MGMT,CONTROL,進貨控場,3,23.4
2022-03-28,INBOUND,OTHERS,ABNORMAL,進貨異常,2,15.4
2022-03-28,INBOUND,OTHERS,FIVES,進貨5S,17,11.0
2022-03-28,INBOUND,PUTAWAY,PALLETFOURF,上架棧板_四樓,1,4.6
2022-03-28,INBOUND,PUTAWAY,SHELF,上架基架,7,7.0
2022-03-28,INBOUND,PUTAWAY,TRANSPORT,上架拉貨,1,2.2
2022-03-28,INBOUND,QC,QC,品管,6,5.6
2022-03-28,INBOUND,RECEIVED,SMALL,小驗,8,13.7
2022-03-29,INBOUND,ARRIVAL,ARRIVAL,收貨,2,6.0
2022-03-29,INBOUND,ARRIVAL,DOCK,碼頭收發,2,7.7
2022-03-29,INBOUND,COUNTING,COUNTING,進貨計數,20,47.9
2022-03-29,INBOUND,LABELING,LABELING,貼標,13,33.2
2022-03-29,INBOUND,LABELING,PRINT,印標,2,7.0
2022-03-29,INBOUND,MGMT,CONTROL,進貨控場,2,16.2
2022-03-29,INBOUND,OTHERS,ABNORMAL,進貨異常,2,15.4
2022-03-29,INBOUND,OTHERS,FIVES,進貨5S,19,14.8
2022-03-29,INBOUND,PUTAWAY,PALLETFOURF,上架棧板_四樓,2,3.7
2022-03-29,INBOUND,PUTAWAY,SHELF,上架基架,12,11.3
2022-03-29,INBOUND,PUTAWAY,TRANSPORT,上架拉貨,5,9.1
2022-03-29,INBOUND,QC,QC,品管,2,8.1
2022-03-29,INBOUND,RECEIVED,BULKY,箱賣,2,1.6
2022-03-29,INBOUND,RECEIVED,CONTROL,貴重驗收,1,2.4
2022-03-29,INBOUND,RECEIVED,SMALL,小驗,8,21.4
2022-03-30,INBOUND,ARRIVAL,ARRIVAL,收貨,2,7.5
2022-03-30,INBOUND,ARRIVAL,DOCK,碼頭收發,2,8.1
2022-03-30,INBOUND,COUNTING,COUNTING,進貨計數,18,50.1
2022-03-30,INBOUND,LABELING,LABELING,貼標,17,31.6
2022-03-30,INBOUND,LABELING,PRINT,印標,2,3.8
2022-03-30,INBOUND,MGMT,CONTROL,進貨控場,2,11.5
2022-03-30,INBOUND,OTHERS,ABNORMAL,進貨異常,2,14.7
2022-03-30,INBOUND,OTHERS,FIVES,進貨5S,18,11.8
2022-03-30,INBOUND,PUTAWAY,PALLETFOURF,上架棧板_四樓,2,3.2
2022-03-30,INBOUND,PUTAWAY,SHELF,上架基架,10,16.7
2022-03-30,INBOUND,PUTAWAY,TRANSPORT,上架拉貨,4,8.2
2022-03-30,INBOUND,QC,QC,品管,2,9.0
2022-03-30,INBOUND,RECEIVED,BULKY,箱賣,2,0.7
2022-03-30,INBOUND,RECEIVED,CONTROL,貴重驗收,1,6.5
2022-03-30,INBOUND,RECEIVED,SMALL,小驗,9,21.3
2022-03-31,INBOUND,ARRIVAL,ARRIVAL,收貨,2,5.8
2022-03-31,INBOUND,ARRIVAL,DOCK,碼頭收發,2,6.2
2022-03-31,INBOUND,COUNTING,COUNTING,進貨計數,17,35.7
2022-03-31,INBOUND,LABELING,LABELING,貼標,10,19.0
2022-03-31,INBOUND,LABELING,PRINT,印標,2,5.5
2022-03-31,INBOUND,MGMT,CONTROL,進貨控場,2,14.0
2022-03-31,INBOUND,OTHERS,ABNORMAL,進貨異常,3,12.0
2022-03-31,INBOUND,OTHERS,FIVES,進貨5S,21,29.5
2022-03-31,INBOUND,PUTAWAY,PALLETFOURF,上架棧板_四樓,2,6.4
2022-03-31,INBOUND,PUTAWAY,SHELF,上架基架,14,13.6
2022-03-31,INBOUND,PUTAWAY,TRANSPORT,上架拉貨,3,3.7
2022-03-31,INBOUND,QC,QC,品管,5,8.7
2022-03-31,INBOUND,RECEIVED,BULKY,箱賣,1,0.1
2022-03-31,INBOUND,RECEIVED,CONTROL,貴重驗收,1,1.2
2022-03-31,INBOUND,RECEIVED,SMALL,小驗,12,19.1
2022-04-01,INBOUND,ARRIVAL,ARRIVAL,收貨,2,8.1
2022-04-01,INBOUND,ARRIVAL,DOCK,碼頭收發,2,7.4
2022-04-01,INBOUND,COUNTING,COUNTING,進貨計數,15,46.8
2022-04-01,INBOUND,LABELING,LABELING,貼標,10,29.2
2022-04-01,INBOUND,LABELING,PRINT,印標,2,7.7
2022-04-01,INBOUND,MGMT,CONTROL,進貨控場,2,12.4
2022-04-01,INBOUND,OTHERS,ABNORMAL,進貨異常,3,20.7
2022-04-01,INBOUND,OTHERS,FIVES,進貨5S,23,18.9
2022-04-01,INBOUND,OTHERS,SECONDPROCESS,加工,2,1.9
2022-04-01,INBOUND,PUTAWAY,PALLETFOURF,上架棧板_四樓,2,5.4
2022-04-01,INBOUND,PUTAWAY,SHELF,上架基架,12,14.1
2022-04-01,INBOUND,PUTAWAY,TRANSPORT,上架拉貨,3,11.0
2022-04-01,INBOUND,QC,QC,品管,4,7.8
2022-04-01,INBOUND,RECEIVED,CONTROL,貴重驗收,1,4.1
2022-04-01,INBOUND,RECEIVED,SMALL,小驗,8,21.2
2022-04-02,INBOUND,ARRIVAL,ARRIVAL,收貨,1,1.7
2022-04-02,INBOUND,ARRIVAL,DOCK,碼頭收發,1,2.0
2022-04-02,INBOUND,COUNTING,COUNTING,進貨計數,11,20.8
2022-04-02,INBOUND,LABELING,LABELING,貼標,9,9.8
2022-04-02,INBOUND,LABELING,PRINT,印標,1,4.3
2022-04-02,INBOUND,MGMT,CONTROL,進貨控場,2,15.5
2022-04-02,INBOUND,OTHERS,ABNORMAL,進貨異常,2,11.7
2022-04-02,INBOUND,OTHERS,FIVES,進貨5S,10,6.6
2022-04-02,INBOUND,OTHERS,SECONDPROCESS,加工,6,10.8
2022-04-02,INBOUND,PUTAWAY,PALLETFOURF,上架棧板_四樓,1,3.2
2022-04-02,INBOUND,PUTAWAY,SHELF,上架基架,10,8.6
2022-04-02,INBOUND,PUTAWAY,TRANSPORT,上架拉貨,1,0.0
2022-04-02,INBOUND,QC,QC,品管,4,4.2
2022-04-02,INBOUND,RECEIVED,CONTROL,貴重驗收,2,8.8
2022-04-02,INBOUND,RECEIVED,SMALL,小驗,6,9.4
2022-04-03,INBOUND,OTHERS,ABNORMAL,進貨異常,3,12.2
2022-04-03,INBOUND,OTHERS,FIVES,進貨5S,4,2.8
2022-04-03,INBOUND,OTHERS,SECONDPROCESS,加工,3,5.3
2022-04-03,INBOUND,PUTAWAY,SHELF,上架基架,2,0.5
2022-04-04,INBOUND,ARRIVAL,DOCK,碼頭收發,1,0.3
2022-04-04,INBOUND,OTHERS,ABNORMAL,進貨異常,1,1.9
2022-04-04,INBOUND,OTHERS,FIVES,進貨5S,7,7.6
2022-04-05,INBOUND,OTHERS,FIVES,進貨5S,7,12.8
2022-04-06,INBOUND,ARRIVAL,ARRIVAL,收貨,1,5.9
2022-04-06,INBOUND,ARRIVAL,DOCK,碼頭收發,2,5.5
2022-04-06,INBOUND,COUNTING,COUNTING,進貨計數,17,28.9
2022-04-06,INBOUND,LABELING,LABELING,貼標,13,19.0
2022-04-06,INBOUND,LABELING,PRINT,印標,2,5.5
2022-04-06,INBOUND,MGMT,CONTROL,進貨控場,3,24.7
2022-04-06,INBOUND,OTHERS,ABNORMAL,進貨異常,1,7.5
2022-04-06,INBOUND,OTHERS,FIVES,進貨5S,24,27.2
2022-04-06,INBOUND,PUTAWAY,PALLETFOURF,上架棧板_四樓,2,3.6
2022-04-06,INBOUND,PUTAWAY,SHELF,上架基架,9,8.4
2022-04-06,INBOUND,PUTAWAY,TRANSPORT,上架拉貨,2,2.4
2022-04-06,INBOUND,QC,QC,品管,4,4.7
2022-04-06,INBOUND,RECEIVED,BULKY,箱賣,1,0.1
2022-04-06,INBOUND,RECEIVED,CONTROL,貴重驗收,1,0.3
2022-04-06,INBOUND,RECEIVED,SMALL,小驗,12,16.3
2022-04-07,INBOUND,ARRIVAL,ARRIVAL,收貨,3,7.1
2022-04-07,INBOUND,ARRIVAL,DOCK,碼頭收發,2,6.7
2022-04-07,INBOUND,COUNTING,COUNTING,進貨計數,21,44.3
2022-04-07,INBOUND,LABELING,LABELING,貼標,19,29.6
2022-04-07,INBOUND,LABELING,PRINT,印標,2,6.0
2022-04-07,INBOUND,MGMT,CONTROL,進貨控場,2,15.2
2022-04-07,INBOUND,OTHERS,ABNORMAL,進貨異常,6,31.2
2022-04-07,INBOUND,OTHERS,FIVES,進貨5S,26,19.2
2022-04-07,INBOUND,OTHERS,SECONDPROCESS,加工,5,9.6
2022-04-07,INBOUND,PUTAWAY,PALLETFOURF,上架棧板_四樓,1,5.3
2022-04-07,INBOUND,PUTAWAY,SHELF,上架基架,14,12.2
2022-04-07,INBOUND,PUTAWAY,TRANSPORT,上架拉貨,3,4.5
2022-04-07,INBOUND,QC,QC,品管,6,8.6
2022-04-07,INBOUND,RECEIVED,BULKY,箱賣,3,1.6
2022-04-07,INBOUND,RECEIVED,CONTROL,貴重驗收,2,6.7
2022-04-07,INBOUND,RECEIVED,SMALL,小驗,12,20.0
2022-04-08,INBOUND,ARRIVAL,ARRIVAL,收貨,2,7.3
2022-04-08,INBOUND,ARRIVAL,DOCK,碼頭收發,2,7.5
2022-04-08,INBOUND,COUNTING,COUNTING,進貨計數,21,50.0
2022-04-08,INBOUND,LABELING,LABELING,貼標,17,24.9
2022-04-08,INBOUND,LABELING,PRINT,印標,1,7.5
2022-04-08,INBOUND,MGMT,CONTROL,進貨控場,2,17.0
2022-04-08,INBOUND,OTHERS,ABNORMAL,進貨異常,3,13.4
2022-04-08,INBOUND,OTHERS,FIVES,進貨5S,24,20.6
2022-04-08,INBOUND,OTHERS,SECONDPROCESS,加工,3,11.4
2022-04-08,INBOUND,PUTAWAY,PALLETFOURF,上架棧板_四樓,1,2.1
2022-04-08,INBOUND,PUTAWAY,SHELF,上架基架,9,17.7
2022-04-08,INBOUND,PUTAWAY,TRANSPORT,上架拉貨,3,6.0
2022-04-08,INBOUND,QC,QC,品管,4,9.4
2022-04-08,INBOUND,RECEIVED,CONTROL,貴重驗收,3,6.9
2022-04-08,INBOUND,RECEIVED,SMALL,小驗,10,20.4
2022-04-09,INBOUND,ARRIVAL,ARRIVAL,收貨,1,3.7
2022-04-09,INBOUND,ARRIVAL,DOCK,碼頭收發,2,3.5
2022-04-09,INBOUND,COUNTING,COUNTING,進貨計數,8,14.7
2022-04-09,INBOUND,LABELING,LABELING,貼標,11,8.8
2022-04-09,INBOUND,LABELING,PRINT,印標,3,4.7
2022-04-09,INBOUND,MGMT,CONTROL,進貨控場,2,14.1
2022-04-09,INBOUND,OTHERS,ABNORMAL,進貨異常,2,14.6
2022-04-09,INBOUND,OTHERS,FIVES,進貨5S,15,24.2
2022-04-09,INBOUND,PUTAWAY,PALLETFOURF,上架棧板_四樓,1,1.4
2022-04-09,INBOUND,PUTAWAY,SHELF,上架基架,7,8.0
2022-04-09,INBOUND,PUTAWAY,TRANSPORT,上架拉貨,1,0.8
2022-04-09,INBOUND,QC,QC,品管,7,3.5
2022-04-09,INBOUND,RECEIVED,BULKY,箱賣,3,1.1
2022-04-09,INBOUND,RECEIVED,CONTROL,貴重驗收,3,14.4
2022-04-09,INBOUND,RECEIVED,SMALL,小驗,5,6.9
2022-04-10,INBOUND,ARRIVAL,DOCK,碼頭收發,2,0.0
2022-04-10,INBOUND,OTHERS,FIVES,進貨5S,7,8.2
2022-04-10,INBOUND,PUTAWAY,SHELF,上架基架,1,0.0
2022-04-10,INBOUND,REINBOUND,PUTAWAY,客退上架,1,0.0
2022-04-10,INBOUND,REINBOUND,REINBOUND,客退驗收,1,0.0
2022-04-11,INBOUND,ARRIVAL,ARRIVAL,收貨,1,5.2
2022-04-11,INBOUND,ARRIVAL,DOCK,碼頭收發,2,5.7
2022-04-11,INBOUND,COUNTING,COUNTING,進貨計數,14,32.0
2022-04-11,INBOUND,LABELING,LABELING,貼標,13,20.0
2022-04-11,INBOUND,LABELING,PRINT,印標,1,4.5
2022-04-11,INBOUND,MGMT,CONTROL,進貨控場,2,9.9
2022-04-11,INBOUND,OTHERS,ABNORMAL,進貨異常,2,14.2
2022-04-11,INBOUND,OTHERS,FIVES,進貨5S,17,27.9
2022-04-11,INBOUND,PUTAWAY,PALLETFOURF,上架棧板_四樓,1,5.2
2022-04-11,INBOUND,PUTAWAY,SHELF,上架基架,12,10.0
2022-04-11,INBOUND,PUTAWAY,TRANSPORT,上架拉貨,1,0.7
2022-04-11,INBOUND,QC,QC,品管,3,5.9
2022-04-11,INBOUND,RECEIVED,BULKY,箱賣,2,0.4
2022-04-11,INBOUND,RECEIVED,CONTROL,貴重驗收,1,2.2
2022-04-11,INBOUND,RECEIVED,SMALL,小驗,9,15.8
2022-04-12,INBOUND,ARRIVAL,ARRIVAL,收貨,1,3.4
2022-04-12,INBOUND,ARRIVAL,DOCK,碼頭收發,2,4.5
2022-04-12,INBOUND,COUNTING,COUNTING,進貨計數,13,51.5
2022-04-12,INBOUND,LABELING,LABELING,貼標,6,20.0
2022-04-12,INBOUND,LABELING,PRINT,印標,1,2.8
2022-04-12,INBOUND,MGMT,CONTROL,進貨控場,1,15.0
2022-04-12,INBOUND,OTHERS,ABNORMAL,進貨異常,1,3.9
2022-04-12,INBOUND,OTHERS,FIVES,進貨5S,9,4.4
2022-04-12,INBOUND,PUTAWAY,PALLETFOURF,上架棧板_四樓,1,2.1
2022-04-12,INBOUND,PUTAWAY,SHELF,上架基架,5,1.4
2022-04-12,INBOUND,PUTAWAY,TRANSPORT,上架拉貨,3,15.5
2022-04-12,INBOUND,QC,QC,品管,2,14.1
2022-04-12,INBOUND,RECEIVED,BULKY,箱賣,1,0.1
2022-04-12,INBOUND,RECEIVED,CONTROL,貴重驗收,1,1.0
2022-04-12,INBOUND,RECEIVED,SMALL,小驗,5,27.0
