,Express Late OB,"Overall
Late OB        ",OB Time (hr),"B2C
Target
Gross","B2C
Order 
Proj.","B2C
Proj.
Net","排班
proj.","Actual 
Net Order","Actual
Order
Gap","Actual
Piece
Gap"
2019/1/22,12.6%,0.6%,4.2,,"13,000",,,"9,004",,
2019/1/23,5.8%,0.8%,3.5,,"9,000",,,"6,374",,
2019/1/24,8.1%,0.7%,2.7,,"15,000",,,"10,854",,
2019/1/25,2.9%,1.0%,3.1,,"7,000",,,"5,784",,
2019/1/26,3.5%,0.5%,2.0,,"7,000",,,"4,529",,
2019/1/27,2.5%,0.4%,1.8,,"7,000",,,"5,742",,
2019/1/28,53.0%,0.9%,2.2,,"8,000",,,"4,836",,
2019/1/29,1.5%,1.2%,4.3,,"9,000",,,"4,659",,
2019/1/30,1.2%,0.3%,1.7,,"9,000",,,"4,547",,
2019/1/31,0.2%,3.0%,2.1,,"9,000",,,"4,441",,
2019/2/1,0.6%,0.5%,2.4,,"6,000",,,"3,749",,
2019/2/2,1.7%,0.9%,2.1,,"5,622",,,"3,324",,
2019/2/3,0.0%,0.2%,2.0,,"5,944",,,"2,928",,
2019/2/4,36.1%,0.2%,1.8,,"3,850",,,"2,939",,
2019/2/5,4.2%,0.4%,3.6,,"4,100",,,"3,229",,
2019/2/6,1.3%,0.1%,1.8,,"4,827",,,"2,836",,
2019/2/7,0.2%,0.3%,1.6,,"3,472",,,"3,332",,
2019/2/8,1.7%,0.1%,1.8,,"4,241",,,"3,385",,
2019/2/9,0.6%,0.1%,2.0,,"3,910",,,"3,801",,
2019/2/10,0.0%,0.1%,2.0,,"3,583",,,"4,467",,
2019/2/11,1.3%,0.3%,1.6,,"12,000",,,"6,428",,
2019/2/12,0.4%,0.1%,1.9,,"11,000",,,"6,454",,
2019/2/13,0.3%,0.2%,1.6,,"4,000",,,"4,508",,
2019/2/14,0.0%,0.4%,1.6,,"8,000",,,"5,959",,
2019/2/15,0.0%,0.2%,1.6,,"7,500",,,"7,880",,
2019/2/16,0.1%,0.2%,2.1,,"3,500",,,"4,019",,
2019/2/17,1.3%,0.5%,1.6,,"3,800",,,"4,037",,
2019/2/18,0.5%,0.1%,1.8,,"7,500",,,"7,320",,
2019/2/19,0.6%,0.2%,2,,"7,500",,,"7,716",,
2019/2/20,0.7%,8.4%,2.1,,"9,000",,,"9,427",,
2019/2/21,0.5%,0.1%,1.9,,"4,500",,,"4,486",,
2019/2/22,2.2%,0.0%,2,,"4,500",,,"4,633",,
2019/2/23,0.0%,0.0%,2,,"3,500",,,"3,468",,
2019/2/24,0.6%,0.3%,2.1,,"3,800",,,"4,118",,
2019/2/25,0.5%,0.2%,2.2,,"4,500",,,"4,692",,
2019/2/26,0.7%,0.2%,1.9,,"4,500",,,"4,521",,
2019/2/27,1.0%,1.4%,1.7,,"4,500",,,"3,942",,
2019/2/28,0.2%,0.0%,2.5,,"3,500",,,"4,582",,
2019/3/1,0.8%,0.1%,1.3,,"4,500",,,"3,561",,
2019/3/2,0.8%,0.0%,1.4,,"4,000",,,"3,517",,
2019/3/3,0.0%,0.0%,1.4,,"4,000",,,"3,537",,
2019/3/4,2.7%,0.2%,2.0,,"7,500",,,"6,911",,
2019/3/5,0.4%,0.3%,1.7,,"6,000",,,"5,440",,
2019/3/6,0.6%,0.3%,1.5,,"5,500",,,"4,632",,
2019/3/7,1.3%,1.4%,2.2,,"5,500",,,"6,516",,
2019/3/8,0.1%,9.8%,3.8,,"4,500",,,"6,216",,
2019/3/9,0.8%,1.1%,10.3,,"4,000",,,"4,304",,
2019/3/10,2.4%,0.4%,2.5,,"4,000",,,"4,747",,
2019/3/11,0.8%,0.2%,1.7,,"6,000",,,"5,189",,
2019/3/12,1.4%,0.1%,2.3,,"6,000",,,"4,964",,
2019/3/13,0.7%,0.6%,1.2,,"5,500",,,"4,147",,
2019/3/14,0.5%,0.2%,1.7,,"5,500",,,"4,028",,
2019/3/15,0.6%,0.3%,1.6,,"6,500",,,"4,499",,
2019/3/16,1.8%,0.1%,1.7,,"6,500",,,"4,266",,
2019/3/17,0.0%,0.0%,1.9,,"6,500",,,"4,933",,
2019/3/18,2.1%,0.1%,2.2,,"8,000",,,"8,466",,
2019/3/19,3.5%,0.1%,2.1,,"7,500",,,"9,877",,
2019/3/20,0.5%,0.0%,1.6,,"6,000",,,"5,316",,
2019/3/21,0.7%,0.1%,1.3,,"6,500",,,"4,709",,
2019/3/22,1.0%,0.0%,1.7,,"4,500",,,"4,664",,
2019/3/23,0.0%,0.1%,1.7,,"4,000",,,"3,349",,
2019/3/24,0.0%,0.1%,1.4,,"4,000",,,"3,795",,
2019/3/25,0.2%,0.1%,1.3,,"7,000",,,"5,418",,
2019/3/26,0.4%,0.20%,1.9,,"6,000",,,"4,818",,
2019/3/27,0.7%,0.1%,1.6,,"5,500",,,"3,833",,
2019/3/28,0.0%,0.0%,1.3,,"5,500",,,"3,487",,
2019/3/29,0.6%,0.2%,1.3,,"4,500",,,"3,810",,
2019/3/30,0.6%,0.1%,1.2,,"4,000",,,"3,742",,
2019/3/31,0.0%,0.0%,1.7,,"4,000",,,"3,889",,
2019/4/1,0.0%,0.0%,1.5,,"6,000",,,"5,526",,
2019/4/2,0.2%,0.0%,1.3,,"5,500",,,"4,185",,
2019/4/3,9.5%,0.0%,1.6,,"5,000",,,"3,664",,
2019/4/4,0.0%,0.0%,2,,"4,500",,,"4,041",,
2019/4/5,1.8%,0.1%,1,,"4,500",,,"3,560",,
2019/4/6,5.9%,0.0%,1.2,,"4,000",,,"2,485",,
2019/4/7,0.0%,0.0%,1.3,,"4,000",,,"3,321",,
2019/4/8,0.4%,0.0%,1.5,,"6,500",,,"4,169",,
2019/4/9,0.6%,0.0%,2,,"5,500",,,"4,309",,
2019/4/10,0.2%,0.0%,1.6,,"5,000",,,"4,054",,
2019/4/11,0.0%,0.0%,1.7,,"5,000",,,"3,954",,
2019/4/12,0.2%,0.0%,3,,"5,500",,,"4,831",,
2019/4/13,0.0%,0.1%,1.7,,"4,500",,,"3,075",,
2019/4/14,21.6%,0.0%,1.7,,"4,000",,,"3,620",,
2019/4/15,2.6%,0.1%,2.9,,"5,281",,,"4,339",,
2019/4/16,0.9%,0.0%,2.1,,"8,437",,,"8,619",,
2019/4/17,0.3%,0.0%,3.5,,"6,433",,,"5,161",,
2019/4/18,1.6%,0.0%,1.9,,"9,051",,,"6,437",,
2019/4/19,1.9%,0.0%,2.1,,"9,235",,,"6,723",,
2019/4/20,0.0%,0.0%,1.8,,"3,231",,,"2,925",,
2019/4/21,0.0%,0.0%,1.2,,"4,088",,,"3,150",,
2019/4/22,0.0%,0.0%,1.6,,"5,381",,,"3,667",,
2019/4/23,0.0%,0.0%,1.8,,"4,812",,,"3,182",,
2019/4/24,1.0%,0.0%,1.4,,"4,173",,,"3,361",,
2019/4/25,0.6%,0.2%,1.4,,"4,103",,,"2,754",,
2019/4/26,3.9%,0.0%,4.4,,"4,256",,,"2,493",,
2019/4/27,0.0%,0.0%,1.3,,"3,479",,,"2,395",,
2019/4/28,0.0%,0.0%,1.2,,"3,958",,,"2,785",,
2019/4/29,0.5%,0.0%,1.5,,"4,461",,,"3,534",,
2019/4/30,0.0%,0.0%,1.9,,"8,451",,,"5,626",,
2019/5/1,0.0%,0.0%,1.4,,"4,508",,,"3,081",,
2019/5/2,1.7%,0.0%,1.4,,"4,527",,,"3,594",,
2019/5/3,0.4%,0.0%,1.8,,"4,327",,,"3,097",,
2019/5/4,0.0%,0.0%,1.4,,"3,537",,,"2,378",,
2019/5/5,0.0%,0.0%,1.8,,"4,636",,,"2,806",,
2019/5/6,0.5%,0.0%,1.9,,"6,090",,,"4,271",,
2019/5/7,13.4%,0.0%,2.7,,"8,001",,,"7,456",,
2019/5/8,0.8%,0.0%,2.6,,"5,905",,,"4,842",,
2019/5/9,0.7%,0.1%,2.6,,"8,037",,,"6,025",,
2019/5/10,0.4%,0.0%,2.3,,"4,813",,,"2,796",,
2019/5/11,0.0%,0.3%,1.7,,"3,249",,,"1,998",,
2019/5/12,0.0%,0.0%,1.2,,"3,740",,,"1,938",,
2019/5/13,0.1%,0.1%,1.9,,"3,543",,,"2,336",,
2019/5/14,0.1%,0.0%,1.7,,"3,491",,,"2,215",,
2019/5/15,1.4%,0.1%,1.8,,"3,350",,,"2,582",,
2019/5/16,0.0%,0.0%,1.4,,"3,351",,,"2,269",,
2019/5/17,5.2%,0.0%,3.1,,"5,987",,,"7,135",,
5/18,0.0%,0.0%,2.9,,"2,741",,,"2,527",,
5/19,0.0%,0.0%,2.2,,"3,248",,,"2,510",,
5/20,0.2%,0.0%,1.5,,"4,779",,,"3,035",,
5/21,0.5%,0.0%,1.6,,"4,723",,,"3,417",,
5/22,1.5%,0.0%,2.1,,"6,832",,,"4,182",,
5/23,0.0%,0.0%,1.4,,"3,631",,,"2,405",,
5/24,0.0%,0.0%,1.6,,"3,344",,,"2,361",,
5/25,0.0%,0.0%,1.4,,"3,145",,,"2,428",,
5/26,0.0%,0.0%,1.6,,"3,502",,,"2,217",,
5/27,0.5%,0.0%,1.9,,"3,770",,,"4,246",,
5/28,0.0%,0.0%,1.5,,"3,646",,,"3,359",,
5/29,1.6%,0.1%,1.7,,"3,713",,,"2,585",,
5/30,2.4%,0.1%,1.1,,"3,753",,,"4,568",,
5/31,0.5%,0.5%,1.4,,"3,380",,,"2,647",,
6/1,0%,0.1%,1.4,,"3,396",,,"1,856",,
6/2,0%,0%,1.6,,"3,717",,,"2,356",,
6/3,0%,0%,1.3,,"4,858",,,"2,514",,
6/4,0%,0%,1.4,,"3,760",,,"2,349",,
6/5,0.2%,0%,1.7,,"4,822",,,"2,932",,
6/6,0%,0%,1.2,,"8,584",,,"4,244",,
6/7,0%,0%,1.7,,"4,413",,,"3,432",,
AVG,0%,0%,1.5,,"4,793",,,"2,812",,
6/8,0%,0%,1.7,,"4,098",,,"2,690",,
6/9,1.1%,0%,2.0,,"4,454",,,"2,940",,
6/10,0.4%,0.1%,1.7,,"6,285",,,"4,400",,
6/11,0%,0%,1.8,,"5,010",,,"3,571",,
6/12,0.3%,0%,1.8,,"6,634",,,"4,413",,
6/13,0.4%,0%,1.4,,"5,137",,,"4,260",,
6/14,0.2%,0%,1.9,,"4,414",,,"3,218",,
AVG,0.36%,0%,1.7,,"5,147",,,"3,642",,
6/15,0.0%,0%,1.2,,"4,186",,,"2,558",,
6/16,0.0%,0%,1.4,,"4,798",,,"3,138",,
6/17,1.2%,0%,1.6,,"4,831",,,"3,682",,
6/18,1.0%,0%,1.5,,"15,439",,,"12,443",,
6/19,0.2%,0%,1.4,,"3,656",,,"3,706",,
6/20,0.5%,0%,1.6,,"4,074",,,"3,081",,
6/21,1.5%,0%,1.8,,"3,556",,,"2,793",,
AVG,0.62%,0%,1.5,,"5,791",,,"4,486",,
W-1,0.36%,0%,1.7,,"5,147",,,"3,642",,
Change%,0.26%,0%,-13.5%,,12.5%,,,23.2%,,
6/22,0.4%,0%,1.2,,"3,182",,,"2,290",,
6/23,0.0%,0%,1.2,,"3,185",,,"2,669",,
6/24,0.2%,0%,1.3,,"3,750",,,"3,291",,
6/25,0.0%,0%,1.1,,"3,596",,,"2,965",,
6/26,0.0%,0%,1.5,,"3,262",,,"2,787",,
6/27,0.3%,0%,1.1,,"3,173",,,"2,132",,
6/28,0.0%,0%,1.2,,"3,407",,,"2,556",,
AVG,0.13%,0%,1.2,,"3,365",,,"2,670",,
W-1,0.6%,0%,1.5,,"5,791",,,"4,486",,
Change%,-0.48%,0%,-18.1%,,-41.9%,,,-40.5%,,
6/29,0.0%,0%,1.3,,"2,977",,,"2,308",,
6/30,0.0%,0%,2.8,,"3,239",,,"2,642",,
7/1,0.0%,0%,1.7,"5,000","3,405","3,825",,"2,829",,
7/2,1.4%,0%,1.4,"5,300","5,076","4,055",,"4,008",,
7/3,0.0%,0%,1.2,"4,500","3,672","3,443",,"2,937",,
7/4,0.8%,0%,1.4,"4,500","3,460","3,443",,"2,912",,
7/5,0.2%,0%,1.1,"3,500","2,952","2,678",,"2,267",,
AVG,0.33%,0%,1.6,"4,560","3,540","3,489",,"2,843",,
W-1,0.1%,0%,1.2,,"3,365",,,"2,670",,
Change%,0.2%,0.0%,26.7%,,5.2%,,,6.5%,,
7/6,0.0%,1.2%,1.1,"3,500","2,707","2,678",,"2,298",,
7/7,0.0%,0.2%,1.1,"3,800","3,290","2,907",,"2,418",,
7/8,0.0%,0.1%,1.2,"5,000","3,513","3,825",,"2,377",,
7/9,1.0%,0.0%,1.7,"5,300","4,651","4,055",,"3,632",,
7/10,0.2%,0.0%,1.3,"4,500","3,368","3,443",,"2,993",,
7/11,0.0%,0.0%,1.1,"4,500","3,535","3,443",,"2,991",,
7/12,1.1%,0.0%,1.3,"3,500","3,140","2,678",,"2,749",,
AVG,0.3%,0.2%,1.3,"4,300","3,458","3,290",,"2,780",,
W-1,0.1%,0.0%,1.2,,"3,365",,,"2,670",,
Change%,0.2%,0.2%,2.3%,,2.8%,,,4.1%,,
7/13,0.0%,0.0%,1.3,"3,500","2,800","2,678",,"2,180",,
7/14,0.0%,0.0%,1.4,"3,800","3,247","2,907",,"2,399",,
7/15,0.2%,0.0%,1.4,"5,000","4,971","3,825",,"3,126",,
7/16,0.1%,0.0%,1.5,"5,500","5,560","4,208",,"4,246",,
7/17,0.1%,0.0%,1.4,"7,500","8,426","5,738",,"5,005",,
7/18,0.0%,0.0%,1.5,"7,000","5,163","5,355",,"4,580",,
7/19,2.5%,0.0%,2.4,"8,500","7,489","6,503",,"7,811",,
AVG,0.4%,0.0%,1.6,"5,829","5,379","4,459",,"4,192",,
W-1,0.3%,0.2%,1.3,"4,300","3,458","3,290",,"2,780",,
Change%,0.1%,-0.2%,23.9%,35.5%,55.6%,35.5%,,50.8%,,
7/20,0.0%,0.0%,1.5,"3,500","3,563","2,678",,"2,814",,
7/21,0.0%,0.0%,1.5,"3,800","3,799","2,907",,"2,803",,
7/22,0.0%,0.0%,1.2,"5,000","4,617","3,825",,"3,061",,
7/23,0.9%,0.0%,1.8,"5,300","5,107","4,055",,"4,423",,
7/24,0.0%,0.1%,1.9,"4,500","4,519","3,443",,"2,843",,
7/25,0.0%,0.0%,1.2,"4,500","3,930","3,443",,"2,720",,
7/26,0.0%,0.0%,1.5,"3,500","3,711","2,678",,"3,093",,
AVG,0.1%,0.0%,1.5,"4,300","4,178","3,290",,"3,108",,
W-1,0.4%,0.0%,1.6,"5,829","5,379","4,459",,"4,192",,
Change%,-0.3%,0.0%,-2.5%,-26.2%,-22.3%,-26.2%,,-25.9%,,
7/27,0.0%,0.0%,1.5,"3,500","3,476","2,975",,"2,764",,
7/28,0.0%,0.0%,1.8,"3,800","3,432","3,230",,"2,696",,
7/29,1.4%,0.0%,1.6,"7,500","6,082","6,375",,"4,150",,
7/30,0.3%,0.0%,1.8,"7,000","6,425","5,950",,"6,277",,
7/31,0.5%,0.2%,2.1,"4,700","4,117","3,995",,"3,550",,
8/1,4.7%,1.0%,2.5,"6,800","6,164","5,239",,"4,992",,
8/2,4.1%,0.0%,2.1,"4,300","3,450","2,933",,"3,018",,
AVG,1.6%,0.2%,2.0,"5,371","4,735","4,385",,"3,921",,
W-1,0.1%,0.0%,1.5,"4,300","4,178","3,290",,"3,108",,
Change%,1.4%,0.2%,28.5%,24.9%,13.3%,33.3%,,26.2%,,
8/3,0.6%,0.0%,2.6,"3,700","3,429","2,915",,"2,906",,
8/4,0.6%,0.0%,2.2,"4,000","3,516","2,989",,"2,915",,
8/5,0.8%,0.0%,2.2,"5,300","4,889","4,156",,"4,339",,
8/6,0.0%,0.0%,1.8,"5,600","5,155","4,382",,"4,694",,
8/7,13.4%,0.0%,2.9,"5,000","3,653","3,105",,"3,296",,
8/8,17.1%,13.5%,7.0,"5,500","5,796","4,927",,"4,592",,
8/9,100.0%,0.6%,15.7,,"4,209","3,578",,"3,276",,
AVG,18.9%,2.0%,3.3,"4,850","4,378","3,721",,"3,717",,
W-1,1.6%,0.2%,2.0,"5,371","4,735","4,385",,"3,921",,
Change%,17.4%,1.9%,67.2%,-9.7%,-7.5%,-15.1%,,-5.2%,,
8/10,30.7%,0.0%,3.1,,"3,982","3,385",,"2,726",,
8/11,0.6%,0.1%,2.3,,"3,866","3,286",,"2,782",,
8/12,3.8%,0.0%,2.6,,"4,507","3,831",,"4,142",,
8/13,8.3%,0.0%,2.0,,"6,335","5,385",,"8,384",,
8/14,0.4%,0.0%,2.2,,"5,042","4,286",,"4,381",,
8/15,0.0%,0.1%,2.2,,"5,122","4,354",,"3,640",,
8/16,0.0%,0.0%,2.5,,"9,123","7,755",,"6,716",,
AVG,6.3%,0.0%,2.4,#DIV/0!,"5,425","4,611",,"4,682",,
W-1,18.9%,2.0%,3.3,"4,850","4,378","3,721",,"3,717",,
Change%,-12.7%,-2.0%,-25.3%,#DIV/0!,23.9%,23.9%,,26.0%,,
8/17,0.0%,0.0%,2.2,,"3,650","3,103",,"2,884",,
8/18,0.0%,0.0%,1.9,,"3,751","3,188",,"3,000",,
8/19,0.0%,0.0%,2.2,,"3,758","3,194",,"2,997",,
8/20,0.3%,0.0%,1.7,,"5,007","4,256",,"3,639",,
8/21,0.6%,0.0%,2.1,,"6,322","5,374",,"4,543",,
8/22,0.2%,0.0%,2.3,,"4,583","3,896",,"3,299",,
8/23,0.0%,0.0%,1.8,,"3,828","3,254",,"2,939",,
AVG,0.2%,0.0%,2.0,#DIV/0!,"4,414","3,752",,"3,329",,
W-1,6.3%,0.0%,2.4,#DIV/0!,"5,425","4,611",,"4,682",,
Change%,-6.1%,0.0%,-16.8%,#DIV/0!,-18.6%,-18.6%,,-28.9%,,
8/24,0.0%,0.0%,1.8,,"3,416","2,904",,"3,207",,
8/25,0.0%,0.0%,2.0,,"3,818","3,245",,"3,210",,
8/26,0.2%,0.0%,1.9,,"6,648","5,651",,"4,210",,
8/27,0.7%,0.0%,2.5,,"4,734","4,024",,"7,022",,
8/28,0.8%,0.0%,2.2,,"3,962","3,368",,"3,888",,
8/29,0.4%,0.0%,2.8,,"4,169","3,544",,"4,052",,
8/30,0.4%,0.0%,2.1,,"4,256","3,618",,"3,320",,
AVG,0.4%,0.0%,2.2,#DIV/0!,"4,429","3,765",,"4,130",,
W-1,0.2%,0.0%,2.0,#DIV/0!,"4,414","3,752",,"3,329",,
Change%,0.2%,0.0%,10.2%,#DIV/0!,0.3%,0.3%,,24.1%,,
8/31,0.0%,0.0%,1.8,#REF!,"3,579","3,042",,"2,814",,
9/1,0.0%,0.0%,2.0,#REF!,"3,773","3,207",,"3,420",,
9/2,0.0%,0.0%,2.4,#REF!,"8,040","6,834",,"4,434",,
9/3,0.7%,0.0%,2.2,#REF!,"5,808","4,937",,"5,579",,
9/4,0.8%,0.0%,2.7,#REF!,"7,316","6,219",,"7,502",,
9/5,0.2%,0.0%,2.3,#REF!,"5,643","4,797",,"4,186",,
9/6,2.2%,0.1%,2.6,#REF!,"5,366","4,561",,"3,394",,
AVG,0.6%,0.0%,2.3,#REF!,"5,646","4,799",,"4,476",,
W-1,0.4%,0.0%,2.2,#DIV/0!,"4,429","3,765",,"4,130",,
Change%,0.2%,0.0%,5.1%,#REF!,27.5%,27.5%,,8.4%,,
9/7,0.0%,0.0%,2.0,#REF!,"4,505","3,829",,"3,387",,
9/8,0.0%,0.1%,1.8,#REF!,"4,891","4,157",,"3,757",,
9/9,0.4%,0.1%,2.7,#REF!,"17,860","15,181",,"12,485",,
9/10,0.8%,0.0%,2.7,#REF!,"5,115","4,348",,"4,368",,
9/11,0.9%,0.0%,2.5,#REF!,"4,473","3,802",,"3,410",,
9/12,0.7%,0.0%,2.7,#REF!,"4,844","4,117",,"2,752",,
9/13,0.0%,0.0%,1.4,#REF!,"4,255","3,617",,"2,216",,
AVG,0.4%,0.0%,2.4,#REF!,"6,563","5,579",,"4,625",,
W-1,0.6%,0.0%,2.3,#REF!,"5,646","4,799",,"4,476",,
Change%,-0.2%,0.0%,2.5%,#REF!,16.2%,16.2%,,3.3%,,
9/14,0.0%,0.0%,1.3,#REF!,"3,886","3,303",,"2,025",,
9/15,0.8%,0.0%,1.7,#REF!,"4,022","3,419",,"2,585",,
9/16,0.2%,0.0%,1.6,#REF!,"5,922","5,034",,"3,940",,
9/17,6.9%,0.0%,1.7,#REF!,"6,108","5,192",,"5,541",,
9/18,0.3%,0.0%,2.2,#REF!,"5,007","4,256",,"4,331",,
9/19,0.0%,0.0%,1.6,#REF!,"8,401","7,141",,"5,532",,
9/20,1.3%,0.0%,1.6,#REF!,"4,548","3,866",,"3,484",,
AVG,1.4%,0.0%,1.7,#REF!,"5,413","4,601",,"3,920",,
W-1,0.4%,0.0%,2.4,#REF!,"6,563","5,579",,"4,625",,
Change%,1.0%,0.0%,-29.3%,#REF!,-17.5%,-17.5%,,-15.2%,,
9/21,0.0%,0.0%,1.5,#REF!,"3,656","3,108",,"2,716",,
9/22,1.9%,0.0%,1.7,#REF!,"3,888","3,305",,"2,640",,
9/23,0.0%,0.0%,1.5,#REF!,"4,837","4,111",,"2,790",,
9/24,0.0%,0.0%,1.4,#REF!,"4,817","4,094",,"2,973",,
9/25,1.2%,0.0%,1.8,#REF!,"4,657","3,958",,"2,829",,
9/26,0.0%,0.0%,1.6,#REF!,"5,747","4,885",,"3,060",,
9/27,0.5%,0.1%,1.4,#REF!,"4,428","3,764",,"2,574",,
AVG,0.5%,0.0%,1.6,#REF!,"4,576","3,889",,"2,797",,
W-1,1.4%,0.0%,1.7,#REF!,"5,413","4,601",,"3,920",,
Change%,-0.9%,0.0%,-8.8%,#REF!,-15.5%,-15.5%,,-28.6%,,
9/28,0.6%,0.1%,1.8,#REF!,"3,905","3,319",,"2,397",,
9/29,0.7%,13.0%,3.9,#REF!,"4,174","3,548",,"2,488",,
9/30,100.0%,0.5%,14,#REF!,"7,561","6,427",,"4,506",,
10/1,29.2%,0.1%,4.3,#REF!,"7,343","6,241",,"4,194",,
10/2,0.9%,0.0%,2.1,#REF!,"7,845","6,668",,"4,175",,
10/3,0.7%,0.8%,1.7,#REF!,"8,805","7,485",,"6,308",,
10/4,0.3%,0.1%,2.1,#REF!,"8,579","7,292",,"4,560",,
AVG,18.9%,2.1%,2.8,#REF!,"6,887","5,854",,"4,090",,
W-1,0.5%,0.0%,1.6,#REF!,"4,576","3,889",,"2,797",,
Change%,18.4%,2.1%,80.6%,#REF!,50.5%,50.5%,,46.2%,,
10/5,0.0%,0.0%,1.8,#REF!,"4,019","3,416",,"2,925",,
10/6,0.6%,0.0%,1.7,#REF!,"4,135","3,514",,"3,205",,
10/7,0.3%,0.0%,1.9,#REF!,"7,925","6,736",,"3,938",,
10/8,1.6%,0.0%,2.8,#REF!,"5,664","4,814",,"3,773",,
10/9,1.8%,0.0%,2.0,#REF!,"9,656","8,207",,"8,143",,
10/10,1.1%,0.0%,2.2,#REF!,"5,934","5,044",,"4,477",,
10/11,0.2%,0.0%,1.6,#REF!,"4,449","3,782",,"3,213",,
AVG,0.8%,0.0%,2.0,#REF!,"5,969","5,074",,"4,239",,
W-1,18.9%,2.1%,2.8,#REF!,"6,887","5,854",,"4,090",,
Change%,-18.1%,-2.1%,-27.6%,#REF!,-13.3%,-13.3%,,3.7%,,
10/12,0.0%,0.0%,1.6,#REF!,"4,272","3,631",,"2,597",,
10/13,0.0%,0.0%,1.9,#REF!,"4,436","3,771",,"2,769",,
10/14,0.7%,0.0%,1.4,#REF!,"7,074","6,013",,"3,291",,
10/15,1.3%,0.0%,1.6,#REF!,"6,329","5,380",,"4,650",,
10/16,1.1%,0.0%,1.9,#REF!,"6,330","5,381",,"5,460",,
10/17,0.0%,0.0%,2.4,#REF!,"4,729","4,020",,"3,118",,
10/18,0.0%,0.0%,1.4,#REF!,"5,202","4,422",,"3,338",,
AVG,0.4%,0.0%,1.7,#REF!,"5,482","4,660",,"3,603",,
W-1,0.8%,0.0%,2.0,#REF!,"5,969","5,074",,"4,239",,
Change%,-0.4%,0.0%,-14.0%,#REF!,-8.2%,-8.2%,,-15.0%,,
10/19,0.0%,0.2%,1.3,#REF!,"3,887","3,304",,"2,564",,
10/20,0.6%,0.0%,2.6,#REF!,"3,904","3,318",,"2,644",,
10/21,1.8%,0.2%,1.4,#REF!,"5,904","5,019",,"3,340",,
10/22,1.0%,0.3%,1.1,#REF!,"4,696","3,992",,"2,649",,
10/23,0.2%,0.0%,1.4,#REF!,"4,611","3,919",,"3,009",,
10/24,0.9%,0.0%,1.4,#REF!,"6,013","5,111",,"4,372",,
10/25,0.2%,0.0%,1.7,#REF!,"5,083","4,321",,"3,613",,
AVG,0.7%,0.1%,1.5,#REF!,"4,871","4,140",,"3,170",,
W-1,0.4%,0.0%,1.7,#REF!,"5,482","4,660",,"3,603",,
Change%,0.2%,0.1%,-13.5%,#REF!,-11.1%,-11.1%,,-12.0%,,
10/26,0.8%,0.1%,1.7,#REF!,"3,417","2,904",,"2,845",,
10/27,0.8%,0.0%,1.5,#REF!,"3,635","3,090",,"3,077",,
10/28,0.5%,0.0%,1.4,#REF!,"3,999","3,399",,"3,277",,
10/29,0.2%,0.0%,1.2,#REF!,"5,394","4,585",,"3,456",,
10/30,0.7%,0.0%,1.2,#REF!,"5,262","4,473",,"3,467",,
10/31,0.3%,0.0%,1.2,#REF!,"4,494","3,820",,"3,488",,
11/1,0.0%,0.0%,1.6,#REF!,"6,064","5,154",,"4,743",,
AVG,0.5%,0.0%,1.4,#REF!,"4,609","3,918",,"3,479",,
W-1,0.7%,0.1%,1.5,#REF!,"4,871","4,140",,"3,170",,
Change%,-0.2%,-0.1%,-6.9%,#REF!,-5.4%,-5.4%,,9.7%,,
11/2,1.2%,0.2%,1.6,#REF!,"3,876","3,295","3,295","4,049",,
11/3,0.5%,0.0%,1.9,#REF!,"4,337","3,686","3,686","4,648",,
11/4,0.6%,0.0%,2.1,#REF!,"4,799","4,079","4,079","5,301",,
11/5,0.6%,0.0%,2.2,#REF!,"5,223","4,439","4,439","5,442",,
11/6,1.6%,0.1%,1.9,#REF!,"5,790","4,922","4,922","4,702",,
11/7,4.2%,0.5%,1.9,#REF!,"6,701","5,696","5,696","5,231",,
11/8,2.8%,0.2%,1.6,#REF!,"6,634","5,639","5,639","5,149",,
AVG,1.6%,0.1%,1.9,#REF!,"5,337","4,537","4,537","4,932",,
W-1,0.5%,0.0%,1.4,#REF!,"4,609","3,918",,"3,479",,
Change%,1.2%,0.1%,34.6%,#REF!,15.8%,15.8%,#DIV/0!,41.8%,,
11/9,8.4%,0.2%,2.2,#REF!,"6,016","5,114","4,781","5,131",,
11/10,5.1%,0.3%,2.8,#REF!,"6,607","5,616","5,196","6,756",,
11/11,66.9%,0.6%,8.4,#REF!,"26,509","22,533","15,000","35,659",,
11/12,81.5%,0.1%,11.3,#REF!,"5,224","4,440","10,628","5,500",,
11/13,3.9%,0.3%,2.7,#REF!,"4,833","4,108","5,738","2,538",,
11/14,0.7%,0.1%,1.4,#REF!,"3,485","2,962","4,973","2,736",,
11/15,0.5%,1.7%,1.6,#REF!,"3,595","3,056","4,208","3,228",,
AVG,23.9%,0.5%,6.7,#REF!,"8,038","6,833","7,218","8,793",,
W-1,1.6%,0.1%,1.9,#REF!,"5,337","4,537","4,537","4,932",,
Change%,22.2%,0.3%,254.5%,#REF!,50.6%,50.6%,59.1%,78.3%,,
11/16,0.0%,0.0%,1.2,#REF!,"3,552","3,019","2,744","2,414",,
11/17,0.0%,0.0%,0.9,#REF!,"3,754","3,191","2,836","2,722",,
11/18,0.0%,0.0%,1.3,#REF!,"4,017","3,414","3,287","2,310",,
11/19,0.2%,0.0%,1.3,#REF!,"4,061","3,452","3,325","2,776",,
11/20,0.2%,0.0%,1.3,#REF!,"4,205","3,574","3,447","2,574",,
11/21,0.0%,0.0%,1.3,#REF!,"4,175","3,549","3,422","2,586",,
11/22,0.0%,0.0%,1.4,#REF!,"4,583","3,896","3,437","2,811",,
AVG,0.1%,0.0%,1.2,#REF!,"4,050","3,442","3,214","2,599",,
W-1,23.9%,0.5%,6.7,#REF!,"8,038","6,833","7,218","8,793",,
Change%,-23.8%,-0.4%,-81.5%,#REF!,-49.6%,-49.6%,-55.5%,-70.4%,,
11/23,0.0%,0.0%,1.2,#REF!,"3,782","3,215","3,215","2,376",,
11/24,0.0%,0.0%,1.2,#REF!,"4,104","3,488","3,488","2,941",,
11/25,0.0%,0.0%,1.8,#REF!,"6,539","5,559","4,760","3,723",,
11/26,0.0%,0.0%,1.3,#REF!,"5,701","4,846","4,760","2,763",,
11/27,0.6%,0.0%,1.7,#REF!,"6,741","5,730","4,760","4,279",,
11/28,0.1%,0.0%,1.5,#REF!,"5,603","4,762","4,165","3,836",,
11/29,0.2%,0.1%,1.4,#REF!,"4,743","4,032","2,720","3,597",,
AVG,0.1%,0.0%,1.5,#REF!,"5,316","4,519","3,981","3,359",,
W-1,0.1%,0.0%,1.2,#REF!,"4,050","3,442","3,214","2,599",,
Change%,0.1%,0.0%,18.4%,#REF!,31.3%,31.3%,23.9%,29.3%,,
11/30,1.2%,0.0%,1.3,#REF!,"4,203","3,573","3,315","3,064",-8%,
12/1,0.0%,0.0%,1.6,#REF!,"4,599","3,909","3,909","4,381",12%,
12/2,0.1%,0.0%,1.6,#REF!,"6,417","5,454","5,454","3,936",-28%,
12/3,0.2%,0.0%,1.3,#REF!,"7,034","5,979","5,979","4,971",-17%,
12/4,0.2%,0.0%,1.3,#REF!,"7,965","6,770","6,770","4,952",-27%,
12/5,0.5%,0.0%,1.5,#REF!,"5,681","4,829","4,829","4,414",-9%,
12/6,0.2%,0.1%,1.6,#REF!,"5,275","4,484","4,484","3,638",-19%,
AVG,0.4%,0.0%,1.5,#REF!,"5,882","5,000","4,963","4,194",,
W-1,0.1%,0.0%,1.5,#REF!,"5,316","4,519","3,981","3,359",,
Change%,0.2%,0.0%,-1.3%,#REF!,10.6%,10.6%,24.7%,24.8%,,
12/7,0.0%,0.1%,1.5,#REF!,"4,680","3,978","3,978","3,438",-14%,
12/8,0.0%,0.0%,1.8,#REF!,"4,995","4,246","4,246","3,987",-6%,
12/9,0.1%,0.0%,2.0,#REF!,"5,841","4,965","5,695","4,335",-24%,
12/10,0.7%,0.0%,1.8,#REF!,"7,549","6,416","5,355","5,788",8%,
12/11,0.0%,0.0%,1.9,#REF!,"6,907","5,871","6,035","5,829",-3%,
12/12,96.3%,0.9%,8.9,#REF!,"36,792","31,273","29,600","26,673",-10%,
12/13,100.0%,0.0%,15.1,#REF!,"3,752","3,190","3,655","4,135",13%,
AVG,28.2%,0.1%,7.3,#REF!,"10,074","8,563","8,366","7,741",,
W-1,0.4%,0.0%,1.5,#REF!,"5,882","5,000","4,963","4,194",,
Change%,27.8%,0.1%,400.5%,#REF!,71.3%,71.3%,68.6%,84.6%,,
12/14,2.1%,0.1%,2.2,#REF!,"3,250","2,762","3,400","3,098",-9%,
12/15,0.9%,0.2%,1.4,#REF!,"3,581","3,044","3,655","2,987",-18%,
12/16,0.0%,0.0%,1.4,#REF!,"3,943","3,352","3,352","3,596",7%,
12/17,0.0%,0.0%,1.1,#REF!,"4,603","3,912","3,913","3,827",-2%,
12/18,0.0%,0.0%,1.2,#REF!,"4,811","4,090","4,089","3,263",-20%,
12/19,0.0%,0.0%,1.1,#REF!,"5,254","4,466","4,466","3,146",-30%,
12/20,0.0%,0.0%,1.1,#REF!,"3,909","3,322","3,323","2,797",-16%,
AVG,0.4%,0.0%,1.5,#REF!,"4,193","3,564","3,743","3,245",,
W-1,28.2%,0.1%,7.3,#REF!,"10,074","8,563","8,366","7,741",,
Change%,-27.7%,-0.1%,-80.0%,#REF!,-58.4%,-58.4%,-55.3%,-58.1%,,
12/21,0.0%,0.0%,1.1,#REF!,"3,577","3,041","3,040","3,810",25%,
12/22,0.0%,0.0%,1.6,#REF!,"4,724","4,016","4,015","3,543",-12%,
12/23,0.2%,0.0%,1.8,#REF!,"5,301","4,506","3,103","4,326",39%,
12/24,0.5%,0.0%,2.0,#REF!,"5,687","4,834","3,414","5,711",67%,
12/25,0.0%,0.0%,1.2,#REF!,"4,664","3,964","3,820","2,936",-23%,
12/26,0.0%,0.0%,1.6,#REF!,"3,322","2,823","2,824","2,722",-4%,
12/27,0.0%,0.0%,1.4,#REF!,"4,132","3,512","2,787","3,071",10%,
AVG,0.1%,0.0%,1.6,#REF!,"4,487","3,814","3,286","3,731",25.8%,
W-1,0.4%,0.0%,1.5,#REF!,"4,193","3,564","3,743","3,245",,
Change%,-0.3%,0.0%,7.7%,#REF!,7.0%,7.0%,-12.2%,15.0%,,
12/28,0.0%,0.0%,1.0,#REF!,"4,084","3,472","3,352","2,757",-18%,
12/29,0.0%,0.0%,1.6,#REF!,"4,477","3,805","2,824","3,344",18%,
12/30,0.5%,0.1%,1.2,#REF!,"4,423","3,760","5,100","2,639",-48%,
12/31,0.0%,0.0%,1.3,#REF!,"4,232","3,597","5,355","2,573",-52%,
1/1,0.0%,0.0%,1.4,#REF!,"4,735","4,025","4,025","3,387",-16%,
1/2,0.0%,0.0%,1.3,#REF!,"5,410","4,599","4,599","3,975",-14%,
1/3,0.0%,0.0%,1.6,#REF!,"4,288","3,645","3,645","3,445",-5%,
AVG,0.1%,0.0%,1.3,#REF!,"4,521","3,843","4,129","3,160",24.5%,
W-1,0.1%,0.0%,1.6,#REF!,"4,487","3,814","3,286","3,731",25.8%,
Change%,0.0%,0.0%,-13.8%,#REF!,0.8%,0.8%,25.6%,-15.3%,-1.3%,
1/4,0.0%,0.0%,1.5,#REF!,"3,873","3,292","3,292","3,825",16%,
1/5,0.0%,0.0%,1.7,#REF!,"3,595","3,056","3,056","3,911",28%,
1/6,0.0%,0.0%,2.0,#REF!,"4,010","3,408","3,409","4,228",24%,
1/7,0.0%,0.0%,1.3,#REF!,"5,872","4,991","4,991","3,640",-27%,
1/8,0.0%,0.0%,1.4,#REF!,"6,587","5,599","5,599","5,707",2%,
1/9,0.0%,0.0%,1.4,#REF!,"7,269","6,179","6,179","4,924",-20%,
1/10,0.0%,0.0%,1.3,#REF!,"4,514","3,837","3,837","3,577",-7%,
AVG,0.0%,0.0%,1.5,#REF!,"5,103","4,337","4,338","4,259",17.8%,
W-1,0.1%,0.0%,1.3,#REF!,"4,521","3,843","4,129","3,160",24.5%,
Change%,-0.1%,0.0%,12.2%,#REF!,12.9%,12.9%,5.1%,34.8%,-6.7%,
1/11,0.0%,0.0%,1.3,#REF!,"4,367","3,712","3,712","3,014",-19%,
1/12,0.0%,0.0%,1.5,#REF!,"4,847","4,120","4,120","3,631",-12%,
1/13,0.0%,0.0%,1.5,#REF!,"4,890","4,157","4,820","3,817",-21%,
1/14,0.0%,0.0%,1.5,#REF!,"4,027","3,423","4,743","4,049",-15%,
1/15,0.0%,0.0%,1.7,#REF!,"7,103","6,037","7,650","6,770",-12%,
1/16,0.3%,0.0%,1.8,#REF!,"4,783","4,066","4,066","4,434",9%,
1/17,0.0%,0.0%,1.3,#REF!,"4,968","4,223","4,223","3,375",-20%,
AVG,0.0%,0.0%,1.5,#REF!,"4,998","4,248","4,762","4,156",15.2%,
W-1,0.0%,0.0%,1.5,#REF!,"5,103","4,337","4,338","4,259",17.8%,
Change%,0.0%,0.0%,2.0%,#REF!,-2.1%,-2.1%,9.8%,-2.4%,5.2%,
1/18,0.0%,0.0%,1.4,#REF!,"4,775","4,058","4,059","3,714",-8%,
1/19,0.0%,0.0%,1.5,#REF!,"5,190","4,412","4,412","3,457",-22%,
1/20,1.2%,0.0%,1.5,#REF!,"5,062","4,303","4,303","3,957",-8%,
1/21,2.0%,0.0%,2.7,#REF!,"7,630","6,485","6,486","8,040",24%,
1/22,0.0%,0.0%,1.8,#REF!,"5,463","4,644","4,644","4,328",-7%,
1/23,0.0%,0.0%,1.5,#REF!,"4,102","3,487","3,487","3,478",0%,
1/24,50.4%,0.0%,3.2,#REF!,"3,574","3,038","3,038","3,011",-1%,
1/25,0.0%,0.0%,3.9,#REF!,"3,270","2,780","2,780","3,431",23%,
1/26,0.0%,0.0%,4.5,#REF!,"3,299","2,804","2,804","3,664",31%,
1/27,39.5%,0.0%,5.4,#REF!,"3,805","3,234","2,312","3,847",66%,
1/28,50.1%,0.0%,4.7,#REF!,"3,965","3,370","2,312","3,853",67%,
1/29,0.1%,0.0%,4.3,#REF!,"4,304","3,658","3,309","5,053",53%,
1/30,0.0%,0.0%,2.3,#REF!,"4,682","3,980","5,621","5,218",-7%,
1/31,0.0%,0.0%,1.5,#REF!,"4,471","3,800","4,537","4,750",5%,
AVG,10.2%,0.0%,2.8,#REF!,"4,542","3,861","3,865","4,272",23.0%,
W-1,0.0%,0.0%,1.5,#REF!,"4,998","4,248","4,762","4,156",15.2%,
Change%,10.2%,0.0%,81.8%,#REF!,-9.1%,-9.1%,-18.8%,2.8%,7.7%,
2/1,0.0%,0.0%,1.6,#REF!,"4,283","3,641","3,641","4,859",33%,
2/2,0.0%,0.0%,1.7,#REF!,"4,750","4,038","4,038","4,586",14%,
2/3,0.2%,0.0%,2.1,#REF!,"4,695","3,990","3,991","5,773",45%,
2/4,0.0%,0.0%,1.7,#REF!,"7,254","6,166","4,234","6,559",55%,
2/5,1.3%,0.0%,1.9,#REF!,"6,654","5,656","3,826","5,675",48%,
2/6,0.6%,0.0%,2.0,#REF!,"9,605","8,164","6,744","6,199",-8%,
2/7,18.9%,0.3%,2.8,#REF!,"4,960","4,216","3,856","6,485",68%,
2/8,3.5%,0.1%,3.0,#REF!,"5,218","4,435","4,058","5,827",44%,
2/9,1.2%,0.2%,2.1,#REF!,"5,443","4,627","4,247","5,304",25%,
2/10,2.5%,0.1%,2.1,#REF!,"5,654","4,806","4,335","5,812",34%,
2/11,0.8%,0.1%,2.0,#REF!,"6,471","5,500","4,913","5,654",15%,
2/12,12.0%,0.0%,2.3,#REF!,"6,434","5,469","4,696","7,162",53%,
2/13,0.8%,0.1%,2.0,#REF!,"4,646","3,949","4,191","5,203",24%,
2/14,0.1%,0.1%,1.6,#REF!,"5,979","5,082","4,696","5,037",7%,
AVG,3.0%,0.1%,2.1,#REF!,"5,860","4,981","4,390","5,724",33.8%,
W-1,0.0%,0.0%,2.8,#REF!,"4,542","3,861","3,865","4,272",23.0%,
Change%,3.0%,0.1%,-25.3%,#REF!,29.0%,29.0%,13.6%,34.0%,10.8%,
2/15,0.9%,0.2%,1.3,#REF!,"5,283","4,491","4,191","4,034",-4%,
2/16,0.0%,0.2%,1.5,#REF!,"5,617","4,774","4,774","4,149",-13%,
2/17,1.6%,0.1%,1.6,#REF!,"10,207","8,676","7,067","7,461",6%,
2/18,0.0%,0.0%,1.9,#REF!,"6,522","5,544","5,704","5,100",-11%,
2/19,0.1%,0.0%,1.7,#REF!,"7,949","6,757","6,564","6,277",-4%,
2/20,0.4%,0.0%,1.5,#REF!,"5,201","4,421","4,109","4,469",9%,
2/21,3.1%,1.7%,1.9,#REF!,"7,271","6,180","5,427","6,373",17%,
2/22,0.9%,0.1%,1.9,#REF!,"6,284","5,341","5,086","5,238",3%,
2/23,2.2%,0.3%,2.1,#REF!,"6,836","5,811","5,256","5,669",8%,
2/24,0.7%,0.0%,2.0,#REF!,"10,030","8,526","6,503","7,752",19%,
2/25,0.2%,0.0%,1.7,#REF!,"6,844","5,817","5,058","4,524",-11%,
2/26,0.1%,0.0%,1.4,#REF!,"7,537","6,407","5,419","5,952",10%,
2/27,0.2%,0.0%,1.8,#REF!,"6,996","5,947","5,058","5,032",-1%,
2/28,0.1%,0.0%,1.5,#REF!,"6,192","5,263","3,613","4,416",22%,
AVG,0.7%,0.2%,1.7,#REF!,"7,055","5,997","5,274","5,460",9.8%,
W-1,0.1%,0.1%,2.1,#REF!,"5,860","4,981","4,390","5,724",33.8%,
Change%,0.7%,0.1%,-18.0%,#REF!,20.4%,20.4%,20.1%,-4.6%,-24.0%,
2/29,0.5%,0.0%,1.8,#REF!,"6,252","5,314","3,468","4,504",30%,33%
3/1,0.0%,0.0%,1.7,#REF!,"6,031","5,126","5,126","4,923",-4%,-2%
3/2,0.2%,0.0%,1.4,#REF!,"6,992","5,943","5,943","5,727",-4%,17%
3/3,0.6%,0.0%,1.9,#REF!,"9,550","8,118","8,118","8,057",-1%,4%
3/4,0.1%,0.0%,1.9,#REF!,"6,096","5,182","5,182","5,258",1%,0%
3/5,3.8%,1.3%,1.7,#REF!,"5,299","4,504","4,504","5,154",14%,24%
3/6,1.1%,0.6%,1.4,#REF!,"6,383","5,426","5,426","4,721",-13%,-1%
3/7,11.3%,0.5%,1.5,#REF!,"5,306","4,510","4,510","6,228",38%,58%
3/8,32.2%,1.1%,2.7,#REF!,"5,865","4,985","4,985","8,172",64%,56%
3/9,9.6%,0.1%,2.3,#REF!,"6,542","5,561","4,949","5,057",2%,9%
3/10,2.0%,0.1%,2.0,#REF!,"6,125","5,206","5,166","4,938",-4%,-3%
3/11,7.5%,0.1%,1.7,#REF!,"7,263","6,174","4,877","5,963",22%,16%
3/12,0.6%,0.0%,1.3,#REF!,"5,358","4,554","4,227","3,925",-7%,-7%
3/13,0.0%,0.1%,1.4,#REF!,"5,994","5,095","5,094","5,456",7%,1%
AVG,5.0%,0.3%,1.9,#REF!,"6,361","5,407","5,113","5,577",15.2%,16.6%
W-1,0.2%,0.2%,1.7,#REF!,"7,055","5,997","5,274","5,460",9.8%,
Change%,4.8%,0.1%,10.1%,#REF!,-9.8%,-9.8%,-3.1%,2.1%,5.4%,16.6%
3/14,0.0%,0.0%,1.9,#REF!,"5,639","4,793","3,938","5,850",49%,44%
3/15,1.8%,0.0%,2.0,#REF!,"5,534","4,704","3,938","4,391",12%,9%
3/16,0.0%,0.0%,1.2,#REF!,"6,469","5,499","5,499","5,121",-7%,-4%
3/17,0.1%,0.0%,1.5,#REF!,"5,606","4,765","4,765","4,684",-2%,6%
3/18,86.8%,0.7%,8.0,#REF!,"7,595","6,456","6,456","7,514",16%,56%
3/19,99.8%,1.4%,15.5,#REF!,"8,106","6,890","4,502","7,043",56%,196%
3/20,90.8%,0.2%,17.2,#REF!,"6,496","5,522","5,522","4,572",-17%,11%
3/21,100.0%,0.4%,12.4,#REF!,"6,757","5,743","5,743","5,849",2%,24%
3/22,100.0%,0.6%,10.4,#REF!,"6,957","5,913","7,336","4,620",-37%,-32%
3/23,74.6%,0.1%,7.2,#REF!,"7,213","6,131","7,422","5,521",-26%,-16%
3/24,94.0%,0.0%,7.0,#REF!,"9,820","8,347","9,625","8,337",-13%,-13%
3/25,41.0%,0.0%,5.5,#REF!,"6,927","5,888","7,098","7,835",10%,1%
3/26,58.4%,0.0%,5.5,#REF!,"5,324","4,525","5,200","3,520",-32%,-29%
3/27,1.2%,0.0%,1.9,#REF!,"6,001","5,101","5,776","3,646",-37%,-37%
AVG,53.5%,0.2%,7.2,#REF!,"6,746","5,734","5,916","5,607",22.6%,34.3%
W-1,0.3%,0.3%,1.9,#REF!,"6,361","5,407","5,113","5,577",15.2%,16.6%
Change%,53.2%,0.0%,278.2%,#REF!,6.1%,6.1%,15.7%,0.5%,7.4%,17.7%
3/28,0.0%,0.0%,1.8,,"6,789","5,771","4,082","5,192",27%,53%
3/29,0.0%,0.0%,1.4,,"6,986","5,938","4,082","4,633",13%,27%
3/30,0.7%,0.0%,2.8,,"12,024","10,220","10,296","9,838",-4%,-5%
3/31,28.5%,0.0%,3.9,,"7,788","6,620","4,660","5,114",10%,27%
4/1,46.5%,0.0%,4.4,,"19,703","16,747","16,748","12,574",-25%,-32%
4/2,12.8%,0.0%,2.6,,"6,259","5,320","5,320","5,087",-4%,-1%
4/3,0.3%,0.0%,1.5,,"5,831","4,957","4,956","4,442",-10%,0%
4/4,0.0%,0.0%,2.2,,"5,762","4,898","4,898","4,791",-2%,4%
4/5,0.0%,0.0%,2.1,,"6,346","5,394","5,394","4,664",-14%,0%
4/6,0.2%,0.0%,1.9,,"6,074","5,163","5,163","4,313",-16%,0%
4/7,0.0%,0.0%,1.4,,"6,270","5,329","5,330","3,898",-27%,-25%
4/8,0.2%,0.0%,1.8,,"6,492","5,518","5,518","4,613",-16%,-20%
4/9,0.3%,0.0%,2.0,,"5,298","4,503","4,503","3,443",-24%,-21%
4/10,1.2%,0.0%,1.6,,"6,126","5,207","5,207","3,602",-31%,-28%
AVG,6.5%,0.0%,2.5,#DIV/0!,"7,696","6,542","6,154","5,443",16.0%,17.4%
W-1,0.2%,0.2%,7.2,#REF!,"6,746","5,734","5,916","5,607",22.6%,34.3%
Change%,6.3%,-0.2%,-65.6%,#DIV/0!,14.1%,14.1%,4.0%,-2.9%,-6.6%,-16.8%
4/11,0.0%,0.0%,1.7,,"6,297","5,353","5,352","3,807",-29%,-21%
4/12,0.0%,0.0%,1.8,,"5,737","4,876","4,876","3,956",-19%,-14%
4/13,0.0%,0.0%,1.5,,"5,891","5,008","5,431","4,383",-19%,0%
4/14,0.0%,0.0%,1.9,,"5,278","4,486","5,196","3,923",-24%,-17%
4/15,0.8%,0.0%,2.2,,"5,818","4,945","5,880","3,995",-32%,-29%
4/16,1.9%,0.0%,1.7,,"4,838","4,113","4,509","3,519",-22%,-5%
4/17,0.0%,0.0%,1.7,,"5,580","4,743","5,172","3,277",-37%,-19%
4/18,0.0%,0.0%,0.9,,"5,539","4,708","5,565","4,134",-26%,-23%
4/19,0.0%,0.0%,1.8,,"5,066","4,306","4,621","3,378",-27%,-18%
4/20,0.3%,0.0%,1.8,,"6,258","5,319","5,628","4,538",-19%,-2%
4/21,1.9%,0.0%,2.4,,"6,798","5,778","5,948","5,543",-7%,7%
4/22,18.3%,0.0%,4.0,,"7,093","6,029","6,795","4,748",-30%,-18%
4/23,67.0%,0.1%,6.6,,"6,555","5,572","6,300","4,507",-28%,-20%
4/24,19.9%,0.0%,3.3,,"10,098","8,583","9,007","7,373",-18%,-12%
AVG,7.9%,0.0%,2.4,#DIV/0!,"6,203","5,273","5,734","4,363",24.1%,14.6%
W-1,0.0%,0.0%,2.5,#DIV/0!,"7,696","6,542","6,154","5,443",16.0%,17.4%
Change%,7.9%,0.0%,-1.1%,#DIV/0!,-19.4%,-19.4%,-6.8%,-19.8%,8.1%,-2.9%
4/25,46.5%,0.0%,3.5,,"5,986","5,088","5,675","4,574",-19%,-12%
4/26,4.9%,0.0%,2.4,,"5,553","4,720","5,449","4,473",-18%,-12%
4/27,0.5%,0.0%,1.5,,"6,783","5,766","5,289","5,687",8%,19%
4/28,0.9%,0.0%,2.6,,"6,457","5,489","5,289","4,619",-13%,8%
4/29,22.7%,0.0%,3.3,,"6,751","5,738","6,379","4,688",-27%,-5%
4/30,1.0%,0.0%,2.1,,"5,830","4,955","4,361","4,039",-7%,6%
5/1,0.7%,0.0%,2.6,,"6,037","5,131","5,475","4,178",-24%,-10%
5/2,1.0%,0.0%,2.3,,"6,221","5,288","5,410","5,087",-6%,0%
5/3,0.0%,0.0%,2.1,,"6,660","5,661","5,531","4,427",-20%,-9%
5/4,1.7%,0.0%,2.4,,"6,046","5,139","5,935","4,681",-21%,-4%
5/5,38.8%,0.0%,3.6,,"13,301","11,306","12,920","11,856",-8%,-16%
5/6,46.7%,0.0%,4.8,,"5,165","4,390","6,016","6,037",0%,-8%
5/7,45.4%,0.4%,5.0,,"5,221","4,438","5,774","6,654",15%,-1%
5/8,5.3%,0.1%,2.5,,"5,136","4,365","5,636","3,656",-35%,-25%
AVG,15.4%,0.0%,3.0,#DIV/0!,"6,511","5,534","6,081","5,333",15.8%,9.7%
W-1,0.0%,0.0%,2.4,#DIV/0!,"6,203","5,273","5,734","4,363",24.1%,14.6%
Change%,15.4%,0.0%,22.1%,#DIV/0!,5.0%,5.0%,6.1%,22.2%,-8.3%,-4.9%
5/9,2.0%,0.0%,1.6,,"5,065","4,305","4,667","4,708",1%,9%
5/10,14.9%,0.1%,2.7,,"5,019","4,266","5,475","4,045",-26%,-18%
5/11,8.2%,0.0%,3.0,,"6,223","5,289","6,662","5,762",-14%,-6%
5/12,6.5%,0.2%,2.7,,"6,474","5,503","6,743","7,579",12%,2%
5/13,29.9%,0.2%,3.4,,"5,560","4,726","5,693","3,748",-34%,-15%
5/14,8.5%,0.1%,2.1,,"5,214","4,432","5,192","4,621",-11%,4%
5/15,0.0%,0.0%,1.3,,"5,358","4,554","5,168","4,085",-21%,2%
5/16,5.2%,0.0%,2.3,,"5,561","4,726","5,330","5,380",1%,9%
5/17,0.5%,0.0%,1.9,,"5,671","4,820","7,712","4,327",-44%,-31%
5/18,0.7%,0.0%,1.7,,"5,408","4,597","4,667","5,010",7%,37%
5/19,3.5%,0.0%,1.8,,"5,284","4,491","5,531","4,650",-16%,4%
5/20,1.8%,0.0%,2.1,,"5,207","4,426","6,282","3,806",-39%,-23%
5/21,1.4%,0.0%,1.9,,"6,935","5,895","6,097","4,417",-28%,-14%
5/22,9.3%,0.0%,1.7,,"8,486","7,213","6,282","5,356",-15%,13%
AVG,6.6%,0.1%,2.2,#DIV/0!,"5,819","4,946","5,822","4,821",19.2%,13.5%
W-1,0.0%,0.0%,3.0,#DIV/0!,"6,511","5,534","6,081","5,333",15.8%,9.7%
Change%,6.6%,0.0%,-26.1%,#DIV/0!,-10.6%,-10.6%,-4.3%,-9.6%,3.4%,3.8%
5/23,0.5%,0.9%,2.1,,"8,343","7,092","7,092","6,675",-6%,14%
5/24,2.9%,0.0%,2.7,,"13,812","11,740","11,740","9,551",-19%,-12%
5/25,0.5%,0.0%,1.8,,"5,680","4,828","5,260","4,932",-6%,11%
5/26,0.0%,0.0%,1.2,,"5,769","4,903","4,949","4,192",-15%,-1%
5/27,0.0%,0.0%,1.6,,"5,649","4,802","5,455","4,548",-17%,-7%
5/28,0.3%,0.0%,1.7,,"5,324","4,526","4,899","4,246",-13%,-5%
5/29,0.0%,0.0%,1.3,,"5,239","4,453","5,816","3,745",-36%,-31%
5/30,0.0%,0.0%,1.3,,"5,809","4,938","4,732","4,341",-8%,7%
5/31,0.0%,0.0%,1.4,,"5,239","4,453","5,383","4,116",-24%,-9%
6/1,0.3%,0.0%,1.8,,"6,605","5,615","5,053","5,134",2%,17%
6/2,0.3%,0.0%,1.5,,"6,251","5,313","4,782","5,400",13%,38%
6/3,2.8%,0.0%,2.0,,"6,397","5,438","4,894","5,278",8%,23%
6/4,0.0%,0.0%,1.5,,"5,737","4,876","4,389","4,363",-1%,9%
6/5,0.0%,0.0%,1.4,,"5,706","4,850","4,365","4,713",8%,22%
6/6,0.0%,0.0%,1.6,,"6,391","5,432","4,889","5,050",3%,26%
6/7,8.0%,0.0%,2.6,,"5,824","4,950","4,455","5,337",20%,33%
6/8,10.0%,0.0%,3.0,,"6,400","5,440","4,896","6,013",23%,47%
6/9,0.2%,0.0%,1.8,,"7,378","6,271","5,064","5,610",11%,32%
6/10,0.7%,0.0%,1.9,,"6,792","5,773","4,430","5,359",21%,42%
6/11,0.5%,0.0%,2.0,,"6,678","5,676","4,299","4,747",10%,33%
6/12,0.6%,0.0%,1.8,,"6,601","5,611","4,276","4,294",0%,25%
6/13,0.0%,0.0%,1.9,,"6,821","5,798","4,434","5,183",17%,35%
6/14,0.0%,0.0%,1.9,,"6,477","5,505","4,248","5,073",19%,32%
6/15,2.6%,0.0%,2.5,,"8,888","7,555","5,202","8,379",61%,85%
6/16,0.8%,0.0%,2.4,,"9,718","8,260","7,434","8,078",9%,4%
6/17,2.9%,0.0%,2.1,,"9,249","7,862","7,075","7,538",7%,15%
6/18,3.6%,0.0%,3.2,,"21,564","18,329","16,496","22,320",35%,17%
6/19,0.0%,0.0%,1.7,,"5,280","4,488","4,039","4,237",5%,3%
6/20,1.4%,0.0%,1.9,,"5,950","5,058","4,552","4,256",-7%,-9%
6/21,0.0%,0.0%,1.7,,"6,838","5,812","5,231","4,041",-23%,-29%
6/22,1.0%,0.0%,1.9,,"7,569","6,434","5,790","4,594",-21%,-19%
6/23,0.2%,0.0%,1.4,,"7,260","6,171","5,554","4,349",-22%,-28%
6/24,0.2%,0.0%,1.3,,"9,492","8,068","7,261","4,777",-34%,-39%
6/25,4.4%,0.4%,1.5,,"5,734","4,874","4,387","3,432",-22%,-25%
6/26,5.0%,0.1%,1.4,,"6,024","5,120","4,608","4,197",-9%,-15%
6/27,0.0%,0.2%,1.9,,"6,248","5,311","4,780","4,440",-7%,-8%
6/28,0.0%,0.1%,2.3,,"6,123","5,204","4,684","4,161",-11%,-14%
6/29,0.0%,0.1%,1.9,,"6,240","5,304","5,202","4,879",-6%,0%
6/30,0.9%,0.0%,1.7,,"6,255","5,317","5,462","4,558",-17%,-14%
AVG,1.5%,0.0%,2.0,#DIV/0!,"7,283","6,191","5,408","5,660",18.0%,29.4%
W-1,#REF!,#REF!,#REF!,#REF!,#REF!,#REF!,#REF!,#REF!,#REF!,#REF!
Change%,#REF!,#REF!,#REF!,#DIV/0!,#REF!,#REF!,#REF!,#REF!,#REF!,#REF!
7/1,3.4%,0.0%,1.5,,"8,279","7,038","6,333","7,468",18%,-2%
7/2,0.7%,0.0%,1.7,,"6,392","5,434","4,890","4,987",2%,1%
7/3,0.0%,0.0%,1.5,,"6,107","5,191","4,672","3,822",-18%,-15%
7/4,0.0%,0.0%,1.5,,"7,448","6,331","5,698","5,856",3%,-2%
7/5,2.3%,0.0%,2.0,,"7,251","6,163","5,547","4,965",-10%,-18%
7/6,0.6%,0.0%,2.1,,"9,061","7,702","6,370","6,389",0%,-8%
7/7,0.5%,0.0%,3.9,,"16,365","13,910","12,222","14,700",20%,-14%
7/8,0.3%,0.0%,2.6,,"5,971","5,075","4,277","5,214",22%,11%
7/9,3.7%,0.0%,2.7,,"5,456","4,638","3,845","3,990",4%,4%
7/10,0.0%,0.0%,2.3,,"5,598","4,758","4,051","3,767",-7%,3%
7/11,0.0%,0.0%,2.2,,"6,151","5,228","4,435","4,683",6%,20%
7/12,0.0%,0.0%,2.2,,"5,809","4,938","4,178","3,969",-5%,2%
7/13,0.0%,0.0%,2.2,,"5,929","5,040","5,657","4,726",-16%,-19%
7/14,0.6%,0.1%,2.3,,"6,332","5,382","5,202","4,706",-10%,-13%
7/15,0.0%,0.0%,2.7,,"5,693","4,839","5,657","4,863",-14%,-15%
7/16,0.6%,0.0%,2.7,,"5,302","4,507","4,507","4,003",-11%,-8%
7/17,0.0%,0.0%,2.2,,"5,409","4,598","4,598","4,261",-7%,-10%
7/18,0.0%,0.0%,2.5,,"7,827","6,653","4,965","5,551",12%,24%
7/19,0.0%,0.0%,2.4,,"5,536","4,706","4,706","4,550",-3%,4%
7/20,0.0%,0.0%,2.3,,"6,223","5,290","5,290","4,391",-17%,-10%
7/21,2.4%,0.0%,2.0,,"8,670","7,370","6,846","5,612",-18%,-21%
7/22,2.3%,0.0%,2.0,,"8,949","7,607","7,228","6,685",-8%,-9%
7/23,0.5%,0.0%,2.1,,"8,714","7,407","7,000","5,210",-26%,-18%
7/24,0.2%,0.0%,2.1,,"9,870","8,390","8,390","4,985",-41%,-33%
7/25,2.4%,0.0%,2.5,,"6,230","5,295","5,296","6,071",15%,35%
7/26,3.9%,0.0%,2.5,,"5,962","5,068","5,068","4,843",-4%,5%
7/27,0.8%,0.0%,2.3,,"5,674","4,823","5,657","3,933",-30%,-21%
7/28,0.2%,0.0%,1.9,,"6,629","5,635","5,202","4,062",-22%,-8%
7/29,0.0%,0.0%,1.8,,"6,402","5,442","5,592","4,481",-20%,-15%
7/30,2.6%,0.0%,1.9,,"6,198","5,268","4,552","3,807",-16%,-9%
7/31,4.3%,0.0%,2.9,,"6,224","5,290","5,007","5,053",1%,26%
AVG,1.0%,0.0%,2.3,#DIV/0!,"6,979","5,968","5,579","5,213",16.2%,16.0%
M-1,1.5%,0.0%,2.0,#DIV/0!,"7,283","6,191","5,408","5,660",18.0%,29.4%
Change%,-0.5%,0.0%,15.1%,#DIV/0!,-4.2%,-3.6%,3.2%,-7.9%,-1.7%,-13.4%
8/1,9.7%,0.0%,2.9,,"7,119","6,051","5,446","6,076",12%,39%
8/2,0.0%,0.0%,2.6,,"6,050","5,143","4,628","5,330",15%,33%
8/3,1.3%,0.0%,2.5,,"5,649","4,802","4,321","4,673",8%,12%
8/4,0.5%,0.0%,1.8,,"6,212","5,281","4,752","4,502",-5%,2%
8/5,1.3%,0.0%,1.6,,"7,417","6,304","5,674","6,740",19%,0%
8/6,0.0%,0.0%,2.1,,"7,309","6,213","5,591","5,494",-2%,-7%
8/7,0.0%,0.0%,1.8,,"7,159","6,085","5,477","5,348",-2%,-12%
8/8,0.0%,0.0%,2.9,,"19,252","16,364","14,728","13,004",-12%,-28%
8/9,0.0%,0.0%,3.6,,"6,689","5,686","5,117","8,384",64%,76%
8/10,7.4%,3.2%,4.9,,"14,552","12,369","10,271","21,994",114%,73%
8/11,0.2%,6.5%,2.0,,"7,477","6,356","6,906","11,441",66%,46%
8/12,1.6%,8.3%,2.8,,"5,672","4,821","4,331","7,314",69%,41%
8/13,13.8%,0.2%,4.6,,"5,484","4,662","4,617","4,551",-1%,-5%
8/14,0.2%,0.3%,2.2,,"5,633","4,788","5,202","4,375",-16%,-17%
8/15,1.0%,0.0%,3.2,,"6,959","5,916","5,852","6,210",6%,29%
8/16,2.2%,0.0%,3.5,,"6,199","5,269","5,269","5,465",4%,21%
8/17,0.0%,0.0%,2.7,,"10,026","8,522","8,522","7,023",-18%,-28%
8/18,0.5%,0.0%,2.6,,"6,203","5,272","5,273","4,905",-7%,-6%
8/19,0.3%,0.0%,2.2,,"6,303","5,358","5,358","4,909",-8%,-1%
8/20,0.7%,0.0%,2.5,,"5,549","4,716","4,717","4,177",-11%,-3%
8/21,3.4%,0.0%,2.3,,"6,707","5,701","5,701","4,404",-23%,-20%
8/22,34.7%,0.1%,4.1,,"7,210","6,129","6,129","6,878",12%,60%
8/23,32.3%,13.2%,8.0,,"6,627","5,633","5,633","5,533",-2%,38%
8/24,44.9%,0.1%,7.1,,"9,053","7,695","11,412","6,540",-43%,-34%
8/25,5.5%,0.2%,2.0,,"6,264","5,324","6,308","5,077",-20%,-5%
8/26,0.5%,0.0%,2.9,,"6,541","5,560","4,910","5,040",3%,16%
8/27,1.4%,0.0%,2.7,,"5,813","4,941","4,812","4,617",-4%,11%
8/28,0.8%,0.0%,2.2,,"6,126","5,207","4,942","4,363",-12%,-1%
8/29,1.6%,0.0%,3.3,,"7,549","6,417","5,852","7,035",20%,57%
8/30,,,4.0,,"6,872","5,841","5,007","5,933",18%,53%
8/31,,,2.4,,"8,514","7,237","5,332","7,207",35%,51%
AVG,5.7%,1.1%,3.2,#DIV/0!,"7,436","6,312","6,067","6,598",26.0%,33.0%
M-1,1.0%,0.0%,2.3,#DIV/0!,"6,979","5,968","5,579","5,213",16.2%,16.0%
Change%,4.7%,1.1%,34.9%,#DIV/0!,6.5%,5.8%,8.8%,26.6%,9.8%,17.0%
9/1,1.9%,0.0%,2.7,,"13,024","11,070","9,963","7,637",-23%,-34%
9/2,0.7%,0.0%,2.1,,"10,112","8,595","7,736","7,158",-7%,-14%
9/3,0.3%,0.1%,2.6,,"8,026","6,822","6,140","6,417",5%,-7%
9/4,0.9%,0.0%,2.6,,"8,181","6,954","6,258","5,808",-7%,-9%
9/5,0.9%,0.1%,3.0,,"10,032","8,527","7,674","9,025",18%,33%
9/6,16.1%,1.0%,4.5,,"9,612","8,170","7,353","7,849",7%,23%
9/7,1.0%,26.2%,3.3,,"12,752","10,839","9,755","8,441",-13%,-10%
9/8,2.7%,0.1%,2.6,,"15,400","13,090","11,781","7,657",-35%,-31%
9/9,1.7%,0.0%,3.6,,"43,283","36,791","33,111","37,585",14%,4%
9/10,44.3%,10.7%,3.8,,"5,317","4,519","4,068","7,036",73%,68%
9/11,5.8%,4.3%,2.8,,"5,195","4,416","3,974","4,747",19%,25%
9/12,5.1%,0.0%,4.7,,"6,642","5,646","5,081","6,833",34%,57%
9/13,0.7%,17.7%,3.7,,"6,131","5,212","4,690","5,905",26%,53%
9/14,1.5%,30.0%,2.7,,"8,203","6,973","9,234","6,102",-34%,-25%
9/15,1.4%,0.0%,2.4,,"9,612","8,170","8,973","7,433",-17%,-20%
9/16,0.5%,0.2%,2.1,,"6,205","5,274","5,274","4,380",-17%,-4%
9/17,0.0%,0.0%,2.0,,"5,478","4,656","4,656","4,349",-7%,10%
9/18,1.0%,0.3%,2.3,,"5,864","4,985","4,984","4,282",-14%,-9%
9/19,22.4%,0.0%,4.8,,"7,802","6,632","6,632","6,164",-7%,21%
9/20,2.7%,0.8%,3.4,,"7,091","6,027","6,027","5,987",-1%,24%
9/21,1.0%,0.1%,2.4,,"6,337","5,387","5,386","5,727",6%,15%
9/22,0.6%,0.0%,2.3,,"7,701","6,546","6,546","5,253",-20%,-9%
9/23,3.6%,0.0%,2.2,,"8,059","6,850","6,850","6,356",-7%,-4%
9/24,0.4%,0.0%,2.0,,"9,137","7,766","8,361","5,759",-31%,-23%
9/25,0.8%,0.0%,2.2,,"4,791","4,072","4,667","4,187",-10%,5%
9/26,0.7%,0.0%,2.6,,"7,328","6,229","6,824","5,461",-20%,3%
9/27,1.7%,0.0%,2.8,,"6,376","5,420","6,100","5,566",-9%,20%
9/28,0.2%,0.0%,2.4,,"6,558","5,574","6,698","6,218",-7%,-1%
9/29,0.5%,0.0%,2.2,,"5,696","4,842","6,438","4,585",-29%,-22%
9/30,0.0%,0.0%,2.1,,"6,374","5,418","6,633","4,349",-34%,-25%
AVG,4.0%,3.1%,2.9,#DIV/0!,"9,077","7,716","7,596","7,142",18.4%,20.2%
M-1,5.7%,1.1%,3.2,#DIV/0!,"7,436","6,312","6,067","6,598",26.0%,33.0%
Change%,-1.7%,1.9%,-8.4%,#DIV/0!,22.1%,22.2%,25.2%,8.2%,-7.6%,-12.8%
10/1,0.0%,0.0%,2.3,,"6,348","5,396","5,126","4,462",-13%,-8%
10/2,0.6%,0.0%,1.7,,"6,798","5,778","5,489","3,499",-36%,-32%
10/3,0.0%,0.0%,2.2,,"10,094","8,580","8,151","4,956",-39%,-27%
10/4,0.0%,0.0%,2.6,,"7,036","5,980","5,682","5,150",-9%,11%
10/5,0.3%,0.3%,2.1,,"9,583","8,146","7,738","5,963",-23%,-11%
10/6,0.0%,0.0%,2.5,,"9,374","7,968","7,570","6,430",-15%,-9%
10/7,0.5%,0.0%,2.8,,"11,005","9,354","8,887","6,160",-31%,-24%
10/8,1.3%,0.0%,2.2,,"24,892","21,158","20,100","13,285",-34%,-48%
10/9,1.0%,0.0%,2.1,,"8,317","7,069","6,716","8,698",30%,26%
10/10,1.1%,0.1%,3.1,,"24,820","21,097","20,042","19,118",-5%,-11%
10/11,0.0%,0.0%,2.8,,"7,217","6,135","5,828","7,042",21%,50%
10/12,0.0%,0.3%,3.1,,"6,241","5,305","6,596","5,818",-12%,9%
10/13,0.6%,0.1%,3.0,,"6,302","5,356","5,848","6,235",7%,25%
10/14,2.0%,11.4%,3.3,,"6,423","5,460","6,188","5,577",-10%,8%
10/15,2.2%,0.0%,1.8,,"5,613","4,771","4,488","4,024",-10%,5%
10/16,0.2%,0.0%,2.4,,"6,003","5,103","4,847","3,874",-20%,-10%
10/17,0.7%,0.0%,2.7,,"13,824","11,750","11,163","5,816",-48%,-34%
10/18,0.0%,0.0%,5.4,,"6,758","5,744","3,957","5,505",39%,77%
10/19,3.1%,6.0%,3.9,,"5,719","4,861","6,118","6,541",7%,44%
10/20,27.3%,0.1%,6.7,,"6,589","5,601","5,321","8,337",57%,88%
10/21,43.4%,7.0%,5.6,,"7,196","6,116","5,811","6,019",4%,15%
10/22,4.6%,0.2%,3.2,,"8,207","6,976","6,627","6,098",-8%,0%
10/23,8.0%,0.0%,3.3,,"10,288","8,745","8,308","6,534",-21%,-14%
10/24,4.2%,0.0%,2.7,,"13,496","11,471","12,190","7,377",-39%,-24%
10/25,18.9%,0.9%,4.7,,"11,006","9,355","8,887","8,410",-5%,21%
10/26,17.0%,43.5%,4.6,,"10,514","8,937","6,460","7,149",11%,52%
10/27,23.4%,30.4%,5.1,,"12,539","10,658","5,440","10,663",96%,108%
10/28,69.2%,9.0%,7.0,,"11,101","9,436","6,052","6,275",4%,36%
10/29,38.0%,0.3%,4.6,,"9,547","8,115","4,488","5,707",27%,56%
10/30,2.3%,0.1%,5.1,,"9,251","7,863","5,508","4,784",-13%,10%
10/31,0.0%,0.0%,2.6,,"14,358","12,204","9,248","5,885",-36%,-16%
AVG,8.7%,3.5%,3.6,#DIV/0!,"10,004","8,403","7,577","6,819",23.5%,29.4%
M-1,4.0%,3.1%,2.9,#DIV/0!,"9,077","7,716","7,596","7,142",18.4%,20.2%
Change%,4.7%,0.5%,23.4%,#DIV/0!,10.2%,8.9%,-0.2%,-4.5%,5.1%,9.2%
11/1,8.7%,0.0%,3.8,,"10,664","9,064","10,717","8,231",-23%,5%
11/2,19.2%,2.5%,4.5,,"8,020","6,817","6,476","7,178",11%,59%
11/3,57.1%,42.3%,7.2,,"10,773","9,157","8,699","9,769",12%,36%
11/4,13.6%,5.0%,4.0,,"9,350","7,947","7,550","7,730",2%,19%
11/5,4.5%,1.5%,4.1,,"8,728","7,418","7,048","7,840",11%,27%
11/6,4.6%,0.9%,3.1,,"7,788","6,620","6,289","7,009",11%,34%
11/7,0.0%,0.0%,3.3,,"11,265","9,575","9,096","8,014",-12%,2%
11/8,0.0%,0.1%,5.0,,"10,007","8,506","8,081","9,730",20%,43%
11/9,0.0%,6.4%,4.0,,"10,441","8,875","7,208","10,382",44%,61%
11/10,0.0%,0.1%,4.1,,"11,675","9,924","7,820","12,850",64%,94%
11/11,0.0%,1.6%,34.8,,"116,510","99,034","99,450","88,534",-11%,-15%
11/12,0.0%,48.8%,48.1,,"7,582","6,445","6,256","8,419",35%,45%
11/13,0.0%,96.2%,41.7,,"5,607","4,766","4,964","5,203",5%,11%
11/14,0.0%,96.3%,39.8,,"7,714","6,557","9,248","7,203",-22%,-19%
11/15,0.0%,100.0%,29.2,,"10,007","8,506","8,364","7,335",-12%,-1%
11/16,0.0%,99.9%,17.5,,"6,291","5,347","5,712","4,613",-19%,2%
11/17,98.9%,24.9%,13.0,,"6,035","5,130","5,780","3,782",-35%,-20%
11/18,21.3%,74.1%,4.3,,"6,400","5,440","6,664","4,210",-37%,-23%
11/19,28.6%,12.5%,4.8,,"5,717","4,859","6,256","3,796",-39%,-32%
11/20,35.2%,19.8%,10.7,,"5,376","4,570","5,440","3,395",-38%,-35%
11/21,0.2%,6.9%,2.4,,"7,516","6,389","11,288","5,101",-55%,-52%
11/22,2.0%,0.1%,2.5,,"7,078","6,016","8,840","5,087",-42%,-36%
11/23,0.7%,0.2%,2.1,,"6,451","5,483","6,664","4,804",-28%,-12%
11/24,0.7%,0.0%,2.3,,"7,958","6,764","12,376","5,702",-54%,-47%
11/25,0.7%,0.0%,2.2,,"9,818","8,345","6,664","7,301",10%,12%
11/26,0.0%,0.0%,2.4,,"8,565","7,280","6,324","5,984",-5%,23%
11/27,1.2%,0.0%,3.4,,"7,833","6,658","5,372","5,058",-6%,36%
11/28,0.7%,0.3%,2.2,,"8,295","7,051","8,772","5,582",-36%,-16%
11/29,3.3%,0.0%,2.5,,"8,647","7,350","6,596","6,204",-6%,28%
11/30,0.6%,0.1%,2.3,,"6,947","5,905","6,052","5,903",-2%,35%
AVG,10.1%,21.4%,10.4,#DIV/0!,"11,835","10,060","10,536","9,398",-8.6%,8.7%
M-1,8.7%,3.5%,3.6,#DIV/0!,"10,004","8,403","7,577","6,819",23.5%,29.4%
Change%,1.4%,17.8%,681.6%,#DIV/0!,183156.8%,165706.1%,295895.3%,257923.5%,-32.1%,-20.7%
2020/12/1,1.5%,0.1%,3.1,,"11,000","9,350","7,758","8,159",5%,11%
2020/12/2,1.1%,0.2%,2.9,,"9,327","7,928","7,209","6,996",-3%,13%
2020/12/3,1.4%,3.1%,2.8,,"8,140","6,919","6,250","6,459",3%,19%
2020/12/4,4.4%,0.9%,2.7,,"8,414","7,152","6,471","6,710",4%,11%
2020/12/5,39.9%,0.1%,5.1,,"8,957","7,613","6,910","6,636",-4%,18%
2020/12/6,2.2%,0.0%,2.9,,"10,093","8,579","7,827","6,907",-12%,-2%
2020/12/7,2.0%,0.1%,3.3,,"9,678","8,227","8,772","9,008",3%,16%
2020/12/8,7.6%,1.3%,2.8,,"12,294","10,450","11,016","10,546",-4%,4%
2020/12/9,2.7%,28.5%,3.5,,"9,636","8,191","8,160","9,732",19%,25%
2020/12/10,8.1%,45.9%,4.7,,"11,445","9,729","8,058","8,923",11%,9%
2020/12/11,62.9%,52.6%,6.3,,"12,952","11,009","7,684","9,259",20%,22%
2020/12/12,57.3%,46.6%,9.8,,"67,023","56,970","59,500","51,974",-13%,-12%
2020/12/13,100.0%,26.9%,20.4,,"9,122","7,754","9,520","9,948",4%,12%
2020/12/14,100.0%,62.0%,19.2,,"6,906","5,870","7,956","6,586",-17%,-3%
2020/12/15,100.0%,56.3%,14.5,,"6,899","5,864","7,616","6,411",-16%,-1%
2020/12/16,82.5%,91.8%,15.8,,"8,281","7,038","4,587","6,495",42%,45%
2020/12/17,81.3%,94.0%,12.3,,"5,973","5,077","5,275","5,197",-1%,11%
2020/12/18,99.5%,6.8%,8.0,,"5,881","4,999","6,041","5,326",-12%,-9%
2020/12/19,27.4%,6.0%,2.4,,"7,964","6,770","6,431","6,214",-3%,6%
2020/12/20,3.2%,0.1%,2.7,,"7,770","6,605","6,274","6,092",-3%,2%
2020/12/21,7.1%,0.6%,3.4,,"7,220","6,137","5,830","7,857",35%,27%
2020/12/22,3.1%,0.6%,2.7,,"8,029","6,825","6,483","7,539",16%,24%
2020/12/23,5.3%,0.0%,2.8,,"11,098","9,434","8,962","9,343",4%,-2%
2020/12/24,9.8%,0.2%,3.5,,"12,323","10,475","10,920","9,315",-15%,-24%
2020/12/25,12.1%,0.3%,3.9,,"6,721","5,713","6,558","5,242",-20%,-8%
2020/12/26,2.7%,0.2%,3.0,,"7,866","6,686","6,352","6,417",1%,4%
2020/12/27,3.1%,0.0%,2.6,,"8,367","7,112","6,756","6,907",2%,13%
2020/12/28,11.9%,0.1%,4.6,,"9,913","8,426","5,592","9,007",61%,75%
2020/12/29,10.6%,1.8%,3.2,,"9,056","7,698","7,218","6,808",-6%,18%
2020/12/30,4.6%,0.3%,3.0,,"9,575","8,139","5,787","5,589",-3%,15%
2020/12/31,6.5%,0.8%,3.2,,"7,507","6,381","5,267","5,236",-1%,24%
AVG,27.8%,17.0%,5.8,#DIV/0!,"10,820","9,197","8,872","8,801",3.2%,11.7%
M-1,10.1%,21.4%,10.4,#DIV/0!,"11,835","10,060","10,536","9,398",-8.6%,8.7%
Change%,17.7%,-4.3%,-43.7%,#DIV/0!,-8.6%,-8.6%,-15.8%,-6.4%,11.7%,3.0%
2021/1/1,5.9%,0.8%,3.2,,"7,008","5,956","5,659","5,419",-4%,7%
2021/1/2,6.8%,1.5%,3.9,,"8,351","7,098","6,743","7,069",5%,37%
2021/1/3,3.9%,1.2%,3.7,,"8,745","7,433","7,062","7,355",4%,21%
2021/1/4,1.7%,0.6%,3.4,,"8,213","6,981","6,632","7,857",18%,59%
2021/1/5,4.5%,1.6%,3.9,,"9,310","7,914","7,518","7,697",2%,28%
2021/1/6,1.7%,0.3%,2.7,,"12,089","10,276","9,762","8,316",-15%,2%
2021/1/7,,,3.7,,"8,049","6,842","6,500","6,925",7%,36%
2021/1/8,5.4%,0.5%,4.2,,"8,818","7,495","6,313","8,028",27%,40%
2021/1/9,5.7%,5.3%,3.5,,"9,420","8,007","7,607","7,885",4%,25%
2021/1/10,4.2%,1.6%,4.0,,"10,206","8,675","8,484","7,888",-7%,7%
2021/1/11,0.0%,2.3%,17.4,,"43,785","37,217","33,890","27,679",-18%,-15%
2021/1/12,3.6%,25.0%,21.2,,"9,271","7,880","9,624","9,219",-4%,19%
2021/1/13,83.0%,97.4%,14.9,,"10,755","9,142","10,339","8,449",-18%,-2%
2021/1/14,,,12.8,,"9,930","8,441","5,787","6,982",21%,51%
2021/1/15,,,13.3,,"8,860","7,531","5,137","6,947",35%,65%
2021/1/16,,,13.8,,"10,065","8,555","7,478","9,130",22%,41%
2021/1/17,,,14.4,,"13,015","11,063","12,030","10,626",-12%,1%
2021/1/18,78.1%,11.4%,11.1,,"9,995","8,496","8,388","9,875",18%,47%
2021/1/19,87.2%,34.6%,13.0,,"10,306","8,760","9,624","10,667",11%,20%
2021/1/20,,,12.2,,"9,279","7,887","9,299","10,570",14%,16%
2021/1/21,,,5.5,,"11,205","9,524","6,893","10,591",54%,60%
2021/1/22,,,4.2,,"9,581","8,144","5,397","8,807",63%,58%
2021/1/23,,,4.2,,"10,872","9,241","7,023","8,702",24%,21%
2021/1/24,,,3.6,,"13,303","11,308","12,030","10,645",-12%,-7%
2021/1/25,10.7%,0.4%,4.3,,"9,969","8,474","8,713","11,356",30%,33%
2021/1/26,24.2%,1.6%,4.1,,"10,208","8,677","9,624","9,968",4%,7%
2021/1/27,5.6%,0.8%,3.9,,"11,317","9,619","7,738","9,524",23%,29%
2021/1/28,5.3%,1.1%,3.7,,"10,202","8,672","5,787","10,144",75%,56%
2021/1/29,7.5%,0.6%,3.8,,"11,048","9,391","4,877","9,258",90%,77%
2021/1/30,6.6%,2.4%,3.5,,"11,285","9,592","6,568","9,691",48%,38%
2021/1/31,3.7%,0.2%,2.9,,"14,002","11,902","12,030","11,918",-1%,-12%
AVG,16.9%,9.1%,7.2,#DIV/0!,"11,241","9,555","8,728","9,522",16.3%,27.9%
M-1,27.8%,17.0%,5.8,#DIV/0!,"10,820","9,197","8,872","8,801",3.2%,11.7%
Change%,-10.9%,-7.9%,23.7%,#DIV/0!,3.9%,3.9%,-1.6%,8.2%,13.2%,16.2%
2021/2/1,19.2%,0.4%,4.3,,"11,863","10,084","9,579","10,020",5%,22%
2021/2/2,56.3%,2.4%,9.3,,"39,598","33,658","31,975","33,581",5%,0%
2021/2/3,99.8%,28.8%,11.2,,"11,062","9,403","8,933","9,908",11%,22%
2021/2/4,90.7%,23.1%,9.3,,"9,676","8,225","7,813","8,370",7%,15%
2021/2/5,63.5%,14.4%,8.8,,"10,555","8,972","8,523","8,587",1%,6%
2021/2/6,67.4%,15.4%,12.1,,"10,702","9,097","8,642","11,141",29%,26%
2021/2/7,99.6%,27.1%,12.9,,"13,301","11,306","10,741","11,354",6%,6%
2021/2/8,100.0%,22.2%,12.2,,"13,009","11,058","9,104","9,388",3%,-1%
2021/2/9,57.9%,17.4%,6.0,,"14,254","12,116","10,339","7,406",-28%,-32%
2021/2/10,3.7%,0.1%,4.7,,"9,024","7,670","6,242","7,809",25%,16%
2021/2/11,0.0%,-,6.5,,"7,727","6,568","5,072","7,013",38%,22%
2021/2/12,0.0%,-,9.4,,"7,545","6,413","4,942","6,832",38%,33%
2021/2/13,0.0%,-,9.3,,"8,810","7,489","5,852","7,645",31%,27%
2021/2/14,0.0%,-,7.7,,"9,686","8,233","6,437","6,811",6%,4%
2021/2/15,17.2%,14.0%,8.2,,"10,002","8,502","6,633","7,696",16%,12%
2021/2/16,83.4%,8.6%,8.3,,"10,994","9,345","9,191","10,821",18%,9%
2021/2/17,70.8%,1.8%,9.2,,"11,167","9,492","9,017","10,267",14%,4%
2021/2/18,20.0%,2.9%,7.2,,"9,049","7,692","7,307","8,790",20%,19%
2021/2/19,14.1%,1.7%,6.4,,"8,153","6,930","6,584","7,210",10%,18%
2021/2/20,9.7%,0.8%,6.1,,"10,812","9,190","8,731","9,085",4%,5%
2021/2/21,44.9%,1.2%,7.6,,"11,037","9,381","8,912","8,170",-8%,-10%
2021/2/22,17.5%,4.5%,,,"13,213","11,231","10,669","10,804",1%,9%
2021/2/23,51.7%,23.6%,,,"17,170","14,595","13,865","11,575",-17%,-12%
2021/2/24,22.7%,69.6%,,,"14,904","12,668","12,035","11,066",-8%,-7%
2021/2/25,7.4%,13.7%,,,"9,501","8,076","7,672","8,436",10%,17%
2021/2/26,55.6%,59.7%,,,"9,413","8,001","7,601","7,379",-3%,5%
2021/2/27,10.2%,1.1%,,,"10,820","9,197","8,737","8,328",-5%,0%
2021/2/28,8.6%,42.4%,,,"10,777","9,160","8,702","8,723",0%,6%
AVG,39.0%,16.5%,8.4,#DIV/0!,"11,922","10,134","9,280","9,793",8.2%,8.7%
M-1,16.9%,9.1%,7.2,#DIV/0!,"11,241","9,555","8,728","9,522",16.3%,27.9%
Change%,22.1%,7.4%,16.4%,#DIV/0!,6.1%,6.1%,6.3%,2.8%,-8.2%,-19.3%
2021/3/1,3.6%,40.9%,,,"12,543","10,662","10,328","8,499",-18%,-18%
2021/3/2,8.8%,79.0%,,,"12,773","10,857","10,404","10,446",0%,1%
2021/3/3,22.7%,16.7%,,,"44,410","37,749","34,731","40,022",15%,-5%
2021/3/4,100.0%,44.9%,,,"10,620","9,027","8,186","7,668",-6%,-6%
2021/3/5,46.1%,4.3%,,,"9,905","8,419","7,268","7,023",-3%,-5%
2021/3/6,5.4%,65.3%,,,"11,063","9,404","8,415","8,234",-2%,-2%
2021/3/7,32.6%,57.8%,,,"11,355","9,652","8,645","8,055",-7%,-5%
2021/3/8,80.2%,62.0%,,,"12,479","10,607","9,716","9,624",-1%,-2%
2021/3/9,29.8%,46.4%,,,"12,301","10,456","9,792","8,078",-18%,-12%
2021/3/10,34.8%,47.7%,,,"11,644","9,897","8,874","8,053",-9%,-6%
2021/3/11,24.9%,76.3%,,,"10,099","8,584","7,727","7,830",1%,4%
2021/3/12,0.0%,0.1%,,,"9,507","8,081","7,880","7,881",0%,10%
2021/3/13,29.7%,29.0%,,,"12,013","10,211","9,180","8,463",-8%,-2%
2021/3/14,14.1%,10.5%,,,"12,448","10,581","9,945","10,305",4%,1%
2021/3/15,11.9%,32.8%,,,"12,378","10,521","9,333","8,833",-5%,-6%
2021/3/16,11.9%,32.8%,,,"12,540","10,659","9,869","8,579",-13%,-9%
2021/3/17,12.3%,25.2%,,,"12,194","10,365","8,874","8,392",-5%,0%
2021/3/18,44.3%,39.2%,,,"26,359","22,405","7,803","22,756",192%,160%
2021/3/19,99.9%,32.4%,,,"12,988","11,040","7,803","10,746",38%,16%
2021/3/20,45.2%,24.9%,,,"14,945","12,703","9,104","10,122",11%,-2%
2021/3/21,18.9%,55.5%,,,"12,096","10,282","9,180","9,554",4%,-5%
2021/3/22,21.3%,71.4%,,,"15,885","13,502","11,628","11,632",0%,-1%
2021/3/23,38.0%,82.9%,,,"15,041","12,785","11,475","11,302",-2%,-12%
2021/3/24,14.5%,59.4%,,,"33,362","28,358","24,404","21,124",-13%,-36%
2021/3/25,,,,,"10,055","8,547","8,186","6,984",-15%,-13%
2021/3/26,,,,,"10,131","8,611","7,191","6,278",-13%,-15%
2021/3/27,,,,,"10,694","9,090","8,186","8,128",-1%,-1%
2021/3/28,0.0%,39.7%,,,"11,054","9,396","8,645","7,463",-14%,-13%
2021/3/29,0.0%,33.3%,,,"12,165","10,340","9,333","11,069",19%,45%
2021/3/30,0.0%,41.3%,,,"11,913","10,126","9,792","8,042",-18%,-20%
2021/3/31,0.0%,45.2%,,,"11,908","10,122","8,874","8,488",-4%,-13%
AVG,26.8%,42.7%,0.0,#DIV/0!,"14,211","12,033","10,347","10,635",14.8%,14.4%
M-1,39.0%,16.5%,8.4,#DIV/0!,"11,922","10,134","9,280","9,793",8.2%,8.7%
Change%,-12.2%,26.2%,-100.0%,#DIV/0!,19.2%,18.7%,11.5%,8.6%,6.6%,5.8%
2021/4/1,0.0%,59.8%,,,"10,767","9,152","7,650","7,513",-2%,-3%
2021/4/2,0.0%,46.0%,,,"10,133","8,613","7,038","7,287",4%,1%
2021/4/3,0.0%,25.3%,,,"11,823","10,050","8,798","7,662",-13%,-15%
2021/4/4,0.0%,1.7%,,,"52,686","44,783","40,622","40,103",-1%,-23%
2021/4/5,0.0%,36.1%,,,"11,458","9,739","8,645","9,579",11%,4%
2021/4/6,0.0%,43.2%,,,"12,989","11,041","10,557","9,308",-12%,-19%
2021/4/7,0.0%,74.7%,,,"12,834","10,909","10,328","9,529",-8%,-18%
2021/4/8,0.0%,34.3%,,,"10,866","9,236","8,339","6,931",-17%,-14%
2021/4/9,0.0%,16.5%,,,"10,554","8,971","8,033","6,445",-20%,-9%
2021/4/10,0.0%,1.5%,,,"11,745","9,983","9,716","7,276",-25%,-17%
2021/4/11,0.0%,39.0%,,,"11,108","9,442","8,721","7,790",-11%,-6%
2021/4/12,0.0%,19.0%,,,"13,164","11,189","10,634","9,133",-14%,-12%
2021/4/13,0.0%,1.2%,,,"10,954","9,311","10,481","7,517",-28%,-26%
2021/4/14,0.0%,0.8%,,,"11,446","9,729","8,721","7,671",-12%,-14%
2021/4/15,0.0%,0.6%,,,"10,366","8,811","8,415","6,015",-29%,-28%
2021/4/16,0.0%,0.2%,,,"10,160","8,636","7,727","6,037",-22%,-24%
2021/4/17,0.0%,0.0%,,,"12,154","10,331","9,563","6,135",-36%,-36%
2021/4/18,0.0%,1.4%,,,"31,844","27,067","22,415","26,271",17%,13%
2021/4/19,0.0%,22.3%,,,"13,272","11,281","10,557","8,945",-15%,-9%
2021/4/20,,79.3%,,,"12,597","10,707","10,404","8,415",,-18%
2021/4/21,,49.2%,,,"12,677","10,775","10,328","8,054",,-22%
2021/4/22,,18.6%,,,"10,231","8,696","8,415","7,067",,-21%
2021/4/23,,0.1%,,,"10,614","9,022","7,727","7,439",,-15%
2021/4/24,,0.0%,,,"14,477","12,305","11,781","8,548",,-36%
2021/4/25,,0.0%,,,"11,527","9,798","8,721","8,360",,-4%
2021/4/26,,4.6%,,,"12,710","10,804","10,634","9,366",,-15%
2021/4/27,,0.5%,,,"11,939","10,148","10,404","7,127",,-36%
2021/4/28,,0.3%,,,"12,582","10,695","10,328","8,763",,-5%
2021/4/29,,0.8%,,,"10,210","8,679","8,262","8,081",,-5%
2021/4/30,,2.6%,,,"9,445","8,028","7,650","6,891",,-5%
AVG,0.0%,19.3%,#DIV/0!,#DIV/0!,"13,644","11,598","10,720","9,509",9.7%,15.8%
M-1,0.0%,42.7%,0.0,#DIV/0!,"14,211","12,033","10,347","10,635",14.8%,14.4%
Change%,0.0%,-23.4%,#DIV/0!,#DIV/0!,-4.0%,-3.6%,3.6%,-10.6%,-5.0%,1.4%
2021/5/1,,0.1%,,,"10,015","8,513","8,262","6,701",,-9%
2021/5/2,,0.2%,,,"10,682","9,080","8,721","6,372",,-21%
2021/5/3,,0.0%,,,"12,713","10,806","12,240","8,006",,-27%
2021/5/4,,,,,"12,048","10,241","10,940","7,770",,-19%
2021/5/5,,,,,"85,928","73,039","66,285","37,797",,-49%
2021/5/6,,,,,"10,274","8,733","7,956","7,581",,1%
2021/5/7,,58.6%,,,"9,030","7,676","7,038","6,254",,0%
2021/5/8,,6.6%,,,"10,991","9,342","9,027","6,409",,-23%
2021/5/9,,2.9%,,,"9,993","8,494","7,650","6,641",,-8%
2021/5/10,,,,,"12,435","10,570","11,705","8,274",,-26%
2021/5/11,,,,,"11,974","10,178","10,481","9,016",,-14%
2021/5/12,,,,,"11,577","9,840","9,639","12,910",,87%
2021/5/13,,,,,"9,887","8,404","7,956","8,343",,54%
2021/5/14,,,,,"9,077","7,715","7,038","7,590",,54%
2021/5/15,,,,,"11,007","9,356","9,257","13,732",,196%
2021/5/16,,,,,"10,261","8,722","7,650","7,558",,49%
2021/5/17,,,,,"12,249","10,412","12,011","8,883",,19%
2021/5/18,,,,,"38,912","33,075","46,553","36,302",,-50%
2021/5/19,,,,,"11,328","9,629","9,639","8,889",,1%
2021/5/20,,,,,"9,507","8,081","7,956","4,337",,-37%
2021/5/21,,,,,"9,221","7,838","7,191","3,486",,-40%
2021/5/22,,,,,"10,377","8,820","9,180","3,832",,-51%
2021/5/23,,,,,"10,157","8,633","7,880","4,205",,-44%
2021/5/24,,,,,"13,083","11,121","15,683","3,851",,-73%
2021/5/25,,,,,"11,252","9,564","10,481","4,100",,-56%
2021/5/26,,,,,"11,414","9,702","9,639","2,334",,-79%
2021/5/27,,,,,"10,018","8,515","7,956","1,121",,-90%
2021/5/28,,,,,"8,828","7,504","7,038",835,,-92%
2021/5/29,,,,,"10,179","8,652","9,257",903,,-92%
2021/5/30,,,,,"10,297","8,752","8,721","1,158",,-88%
2021/5/31,,,,,"12,059","10,250","11,628","1,364",,-89%
AVG,#DIV/0!,11.4%,0.0,#DIV/0!,"14,089","11,976","12,344","7,953",0.0%,49.6%
M-1,0.0%,15.9%,0.0,#DIV/0!,"14,339","12,188","12,601","8,048",0.0%,51.9%
Change%,#DIV/0!,-4.5%,#DIV/0!,#DIV/0!,-1.7%,-1.7%,-2.0%,-1.2%,0.0%,-2.3%
2021/6/1,,,,,"7,769","6,604","7,769","2,397",,-73%
2021/6/2,,,,,"5,719","4,861","5,719","2,046",,-61%
2021/6/3,,,,,"5,348","4,546","5,348","2,344",,-44%
2021/6/4,,,,,"7,866","6,686","7,866","4,026",,-27%
2021/6/5,,,,,"7,863","6,684","7,863","3,777",,-20%
2021/6/6,,,,,"21,023","17,870","21,023","13,020",,-38%
2021/6/7,,,,,"7,572","6,436","7,572","3,343",,-32%
2021/6/8,,,,,"8,029","6,825","8,029","3,894",,-28%
2021/6/9,,,,,"8,005","6,804","8,005","4,678",,-12%
2021/6/10,,,,,"7,545","6,413","7,545","4,027",,-18%
2021/6/11,,,,,"8,073","6,862","8,073","3,709",,-26%
2021/6/12,,,,,"8,540","7,259","8,540","4,513",,-18%
2021/6/13,,,,,"8,059","6,850","8,069","4,492",,-16%
2021/6/14,,,,,"9,500","8,075","9,500","5,261",,-17%
2021/6/15,,,,,"8,700","7,395","9,500","4,548",,-29%
2021/6/16,,,,,"9,950","8,458","9,500","8,069",,-3%
2021/6/17,,,,,"9,500","8,075","9,500","4,641",,-34%
2021/6/18,,,,,"62,867","53,437","31,500","40,764",,23%
2021/6/19,,,,,"7,500","6,375","7,500","1,324",,-62%
2021/6/20,,,,,"6,500","5,525","7,500",494,,-89%
2021/6/21,,,,,"4,300","3,655","7,500","1,475",,-80%
2021/6/22,,,,,"4,300","3,655","7,500","2,248",,-56%
2021/6/23,,,,,"6,500","5,525","7,500","3,095",,-35%
2021/6/24,,,,,"6,300","5,355","7,500","3,024",,-42%
2021/6/25,,,,,"6,500","5,525","7,500","3,790",,-32%
2021/6/26,,,,,"7,500","6,375","7,500","5,592",,8%
2021/6/27,,,,,"7,500","6,375","7,500","5,349",,6%
2021/6/28,,,,,"7,500","6,375","7,500","5,911",,22%
2021/6/29,,,,,"7,500","6,375",7500,"5,163",,6%
2021/6/30,,,,,"7,500","6,375",7500,"3,985",,-26%
AVG,#DIV/0!,,0.0,#DIV/0!,"9,711","8,254","9,031","5,367",0.0%,32.7%
M-1,#DIV/0!,,0.0,#DIV/0!,"14,089","11,976","12,344","7,953",0.0%,49.6%
Change%,#DIV/0!,0.0%,#DIV/0!,#DIV/0!,-31.1%,-31.1%,-26.8%,-32.5%,0.0%,-16.9%
2021/7/1,,,,,"7,069","6,009","4,797","5,062",,45%
2021/7/2,,,,,"7,646","6,499","4,544","4,801",,44%
2021/7/3,,,,,"8,788","7,470","5,297","5,582",,41%
2021/7/4,,,,,"8,607","7,316","5,366","5,663",,46%
2021/7/5,,,,,"10,228","8,694","6,184","6,538",,41%
2021/7/6,,,,,"8,936","7,596","6,938","7,154",,18%
2021/7/7,,,,,"37,499","31,874","31,113","29,323",,7%
2021/7/8,,,,,"6,614","5,622","5,202","6,126",,50%
2021/7/9,,,,,"6,872","5,841","5,402","5,151",,24%
2021/7/10,,,,,"8,514","7,237","6,640","5,668",,13%
2021/7/11,,,,,"7,833","6,658","6,127","5,891",,29%
2021/7/12,,,,,"8,353","7,100","6,582","5,375",,11%
2021/7/13,,,,,"7,759","6,595","6,142","4,881",,9%
2021/7/14,,,,,"8,963","7,619","6,964","5,268",,1%
2021/7/15,,,,,"7,314","6,217","5,682","4,643",,9%
2021/7/16,,,,,"7,572","6,436","5,882","5,432",,12%
2021/7/17,,,,,"8,714","7,407","6,800","4,931",,1%
2021/7/18,,,,,"26,249","22,312","20,995","20,235",,13%
2021/7/19,,,,,"9,303","7,908","7,526","5,760",,-5%
2021/7/20,,,,,"8,767","7,452","7,123","4,809",,-13%
2021/7/21,,,,,"12,542","10,661","10,403","8,126",,-24%
2021/7/22,,,,,"12,014","10,212","9,998",7290,,-33%
2021/7/23,,,,,"7,072","6,011","5,562",4299,,3%
2021/7/24,,,,,"8,214","6,982","6,480",4960,,2%
2021/7/25,,,,,"15,066","12,806","12,367",11413,,6%
2021/7/26,,,,,"9,400","7,990","7,606",4987,,-14%
2021/7/27,,,,,"8,806","7,485","7,155",4821,,-10%
2021/7/28,,,,,"10,260","8,721","8,284",5854,,-10%
2021/7/29,,,,,"7,764","6,599","6,122",5369,,2%
2021/7/30,,,,,"7,272","6,181","5,722",4190,,-12%
2021/7/31,,,,,"8,414","7,152","6,640",4527,,-8%
AVG,#DIV/0!,,0.0,#DIV/0!,"10,272","8,731","7,989","6,907",0.0%,18.0%
M-1,,,0.0,#DIV/0!,"9,711","8,254","9,031","5,367",0.0%,32.7%
Change%,#DIV/0!,0.0%,#DIV/0!,#DIV/0!,5.8%,5.8%,-11.5%,28.7%,0.0%,-14.8%
2021/8/1,,,,,"5,998","5,278","29,989",4375,,-13%
2021/8/2,,,,,"6,935","6,103","34,675",5840,,9%
2021/8/3,,,,,"5,515","4,853","30,333","4,563",,-6%
2021/8/4,,,,,"5,609","4,936","30,848","5,280",,5%
2021/8/5,,,,,"5,141","4,524","28,276","5,668",,4%
2021/8/6,,,,,"5,092","4,481","28,006","4,247",,0%
2021/8/7,,,,,"6,076","5,347","33,420","5,427",,2%
2021/8/8,,,,,"34,097","30,005","136,386","23,652",,-6%
2021/8/9,,,,,"7,876","6,931","35,443","7,900",,45%
2021/8/10,,,,,"11,779","10,366","53,006","7,297",,-15%
2021/8/11,,,,,"11,070","9,742","49,816","8,520",,4%
2021/8/12,,,,,"5,501","4,841","27,504","4,565",,12%
2021/8/13,,,,,"4,686","4,124","25,771","4,382",,5%
2021/8/14,,,,,"5,614","4,940","30,878","4,461",,-4%
2021/8/15,,,,,"5,740","5,051","31,570","4,815",,-2%
2021/8/16,,,,,"6,168","5,428","33,925","5,702",,3%
2021/8/17,,,,,"5,708","5,023","31,395","7,209",,6%
2021/8/18,,,,,"26,972","23,735","107,887","18,259",,-10%
2021/8/19,,,,,"4,951","4,357","27,230","5,888",,12%
2021/8/20,,,,,"5,298","4,662","29,142","4,751",,-7%
2021/8/21,,,,,"5,732","5,044","31,529","4,326",,-21%
2021/8/22,,,,,"5,740","5,051","31,570","4,840",,-14%
2021/8/23,,,,,"6,168","5,428","33,925","5,529",,-9%
2021/8/24,,,,,"5,876","5,171","32,318","5,265",,-9%
2021/8/25,,,,,"15,803","13,907","63,212","13,730",,12%
2021/8/26,,,,,"4,951","4,357","27,230","6,723",,24%
2021/8/27,,,,,"4,879","4,294","26,833","5,027",,-8%
2021/8/28,,,,,"5,900","5,192","32,452","4,758",,-26%
2021/8/29,,,,,"5,740","5,051","31,570","5,849",,-6%
2021/8/30,,,,,"6,168","5,428","33,925","5,527",,-17%
2021/8/31,,,,,"5,876","5,171","32,318","5,606",,-11%
AVG,#DIV/0!,,0.0,#DIV/0!,"8,021","7,059","39,109","6,813",0.0%,-1.4%
M-1,,,0.0,#DIV/0!,"10,272","8,731","7,989","6,907",0.0%,18.0%
Change%,#DIV/0!,0.0%,#DIV/0!,#DIV/0!,-21.9%,-19.2%,389.6%,-1.4%,0.0%,-19.3%
2021/9/1,,,,,"20,448","17,994","81,791","9,776",,-43%
2021/9/2,,,,,"5,749","5,059","24,029","5,075",,8%
2021/9/3,,,,,"5,643","4,966","24,830","4,199",,-9%
2021/9/4,,,,,"6,509","5,728","28,639","4,965",,-11%
2021/9/5,,,,,"6,749","5,939","29,696","5,133",,-14%
2021/9/6,,,,,"7,369","6,485","32,424","5,824",,-5%
2021/9/7,,,,,"6,932","6,100","30,499","5,788",,-9%
2021/9/8,,,,,"7,069","6,221","31,102","6,883",,1%
2021/9/9,,,,,"79,905","70,316","306,835","41,150",,-44%
2021/9/10,,,,,"5,643","4,966","24,830","11,503",,88%
2021/9/11,,,,,"6,509","5,728","28,639","5,293",,-20%
2021/9/12,,,,,"6,749","5,939","29,696","7,389",,12%
2021/9/13,,,,,"7,168","6,308","31,538","3,976",,-36%
2021/9/14,,,,,"6,932","6,100","30,499","3,613",,-42%
2021/9/15,,,,,"7,280","6,406","30,829","3,924",,-40%
2021/9/16,,,,,"5,801","5,105","25,526","3,426",,-38%
2021/9/17,,,,,"5,696","5,012","25,062","4,823",,-32%
2021/9/18,,,,,"34,415","30,285","110,129","11,176",,-55%
2021/9/19,,,,,"6,802","5,986","24,487","3,992",,-28%
2021/9/20,,,,,"7,168","6,308","25,804","3,365",,-42%
2021/9/21,,,,,"6,932","6,100","24,954","3,670",,-31%
2021/9/22,,,,,"7,069","6,221","25,447","2,252",,-55%
2021/9/23,,,,,"5,749","5,059","20,695","5,337",,10%
2021/9/24,,,,,"5,643","4,966","20,315","2,950",,-33%
2021/9/25,,,,,"15,302","13,466","48,968","9,610",,-14%
2021/9/26,,,,,"6,749","5,939","24,297","4,078",,-26%
2021/9/27,,,,,"7,848","6,906","28,252","4,920",,-25%
2021/9/28,,,,,"6,932","6,100","24,954","4,889",,-15%
2021/9/29,,,,,"7,069","6,221","27,144","6,189",,1%
2021/9/30,,,,,"5,749","5,059","20,695","4,834",,-2%
AVG,#DIV/0!,,0.0,#DIV/0!,"10,719","9,433","41,420","6,667",0.0%,-18.3%
M-1,,,0.0,#DIV/0!,"10,272","8,731","7,989","6,907",0.0%,18.0%
Change%,#DIV/0!,0.0%,#DIV/0!,#DIV/0!,4.4%,8.0%,418.5%,-3.5%,0.0%,-36.2%
2021/10/1,,,,,"8,114","7,140","29,211","5,147",,-26%
2021/10/2,,,,,"9,107","8,014","31,145","3,927",,-42%
2021/10/3,,,,,"9,371","8,246","33,735","4,139",,-41%
2021/10/4,,,,,"9,924","8,733","35,726","3,342",,-55%
2021/10/5,,,,,"9,732","8,564","35,034","5,361",,-28%
2021/10/6,,,,,"10,999","9,679","39,596","3,930",,-51%
2021/10/7,,,,,"8,387","7,381","30,192","4,660",,-27%
2021/10/8,,,,,"8,114","7,140","29,211","4,842",,-24%
2021/10/9,,,,,"9,107","8,014","32,784","5,210",,-27%
2021/10/10,,,,,"46,128","40,593","154,991","20,918",,-41%
2021/10/11,,,,,"8,114","7,140","29,211","8,953",,30%
2021/10/12,,,,,"9,732","8,564","35,034","7,714",,-4%
2021/10/13,,,,,"11,876","10,451","43,705","5,237",,-41%
2021/10/14,,,,,"8,387","7,381","30,192","3,969",,-35%
2021/10/15,,,,,"8,114","7,140","28,116","3,741",,-36%
2021/10/16,,,,,"6,830","6,010","21,856","3,494",,-20%
2021/10/17,,,,,"7,028","6,185","22,490","3,753",,-16%
2021/10/18,,,,,"17,912","15,763","53,773","12,795",,7%
2021/10/19,,,,,"8,166","7,186","26,132","4,943",,-13%
2021/10/20,,,,,"9,003","7,923","28,809","5,229",,-16%
2021/10/21,,,,,"6,290","5,535","20,128","3,709",,-11%
2021/10/22,,,,,"9,965","8,769","30,693","4,687",,-34%
2021/10/23,,,,,"10,196","8,972","31,402","5,375",,-25%
2021/10/24,,,,,"9,345","8,224","29,903","6,873",,-7%
2021/10/25,,,,,"16,262","14,311","48,818","11,620",,6%
2021/10/26,,,,,"7,299","6,423","23,356","5,036",,3%
2021/10/27,,,,,"7,877","6,932","25,207","6,657",,9%
2021/10/28,,,,,"6,290","5,535","20,128","4,438",,-7%
2021/10/29,,,,,"6,086","5,356","19,474","3,917",,-9%
2021/10/30,,,,,"6,830","6,010","21,856","4,374",,-10%
2021/10/31,,,,,"8,788","7,733","28,120","4,774",,-21%
AVG,#DIV/0!,,0.0,#DIV/0!,"10,375","9,130","34,694","5,921",0.0%,-19.5%
M-1,,,0.0,#DIV/0!,"10,272","8,731","7,989","6,907",0.0%,18.0%
Change%,#DIV/0!,0.0%,#DIV/0!,#DIV/0!,1.0%,4.6%,334.3%,-14.3%,0.0%,-37.4%
2021/11/1,,,,,"14,094","12,402","45,100","9,899",,-7%
2021/11/2,,,,,"8,133","7,157","26,024","5,696",,1%
2021/11/3,,,,,"9,248","8,139","29,595","8,859",,24%
2021/11/4,,,,,"7,169","6,308","22,940","5,856",,17%
2021/11/5,,,,,"6,777","5,964","21,687","4,462",,1%
2021/11/6,,,,,"7,295","6,420","23,345","4,795",,-5%
2021/11/7,,,,,"7,345","6,463","23,503","5,809",,20%
2021/11/8,,,,,"8,542","7,517","27,334","6,484",,15%
2021/11/9,,,,,"8,133","7,157","26,024","6,153",,7%
2021/11/10,,,,,"9,248","8,139","29,595","9,622",,38%
2021/11/11,,,,,"101,438","89,265","308,370","61,709",,-22%
2021/11/12,,,,,"6,777","5,964","21,687","17,581",,188%
2021/11/13,,,,,"7,295","6,420","23,345","9,522",,41%
2021/11/14,,,,,"7,345","6,463","23,503","15,259",,138%
2021/11/15,,,,,"10,124","8,909","32,396","4,376",,-34%
2021/11/16,,,,,"9,187","8,085","29,399","4,771",,-17%
2021/11/17,,,,,"9,776","8,603","31,283","6,060",,-21%
2021/11/18,,,,,"24,600","21,648","76,753","15,516",,-30%
2021/11/19,,,,,"6,777","5,964","21,687","3,451",,-37%
2021/11/20,,,,,"7,295","6,420","23,345","3,882",,-24%
2021/11/21,,,,,"7,345","6,463","23,503","3,863",,-29%
2021/11/22,,,,,"8,642","7,605","27,654","4,151",,-34%
2021/11/23,,,,,"8,233","7,245","26,344","4,078",,-33%
2021/11/24,,,,,"9,348","8,227","29,915","5,298",,-24%
2021/11/25,,,,,"17,713","15,588","55,265","9,960",,-22%
2021/11/26,,,,,"6,777","5,964","21,687","3,403",,-31%
2021/11/27,,,,,"7,295","6,420","23,345","4,090",,-27%
2021/11/28,,,,,"7,345","6,463","23,503","4,593",,-13%
2021/11/29,,,,,"8,542","7,517","27,334","4,512",,-28%
2021/11/30,,,,,"8,133","7,157","26,024","4,761",,-19%
AVG,#DIV/0!,,0.0,#DIV/0!,"12,199","10,735","38,383","8,616",0.0%,1.1%
M-1,,,0.0,#DIV/0!,"10,272","8,731","7,989","6,907",0.0%,18.0%
Change%,#DIV/0!,0.0%,#DIV/0!,#DIV/0!,18.8%,23.0%,380.5%,24.7%,0.0%,-16.9%
2021/12/1,,,,,"14,890","13,103","11,912","8,457",,194%
2021/12/2,,,,,"8,551","7,525","6,841","5,530",,205%
2021/12/3,,,,,"8,627","7,592","6,902","4,178",,153%
2021/12/4,,,,,"9,282","8,168","7,426","5,147",,162%
2021/12/5,,,,,"9,332","8,212","7,465","5,306",,187%
2021/12/6,,,,,"10,768","9,476","8,614","5,595",,150%
2021/12/7,,,,,"8,850","7,788","7,080","5,432",,204%
2021/12/8,,,,,"11,648","10,250","9,318","7,168",,194%
2021/12/9,,,,,"8,551","7,525","6,841","4,262",,172%
2021/12/10,,,,,"8,627","7,592","6,902","4,217",,156%
2021/12/11,,,,,"8,627","7,592","6,902","4,627",,169%
2021/12/12,,,,,"85,303","75,067","69,948","51,023",,143%
2021/12/13,,,,,"11,288","9,933","9,143","5,658",,153%
2021/12/14,,,,,"9,100","8,008","7,371","4,143",,135%
2021/12/15,,,,,"11,325","9,966","9,174","5,344",,129%
2021/12/16,,,,,"7,697","6,773","6,157","3,156",,123%
2021/12/17,,,,,"7,765","6,833","6,212","2,905",,78%
2021/12/18,,,,,"19,115","16,821","15,292","10,417",,130%
2021/12/19,,,,,"8,399","7,391","6,719","3,290",,98%
2021/12/20,,,,,"9,991","8,792","7,993","5,132",,112%
2021/12/21,,,,,"8,364","7,360","6,692","6,415",,196%
2021/12/22,,,,,"10,951","9,637","8,871","5,459",,147%
2021/12/23,,,,,"7,697","6,773","6,157","3,271",,115%
2021/12/24,,,,,"7,765","6,833","6,212","2,980",,92%
2021/12/25,,,,,"15,369","13,525","12,295","10,164",,212%
2021/12/26,,,,,"8,399","7,391","6,719","4,145",,157%
2021/12/27,,,,,"9,691","8,528","7,753","4,055",,116%
2021/12/28,,,,,"7,964","7,008","6,372","3,921",,157%
2021/12/29,,,,,"10,204","8,980","8,163","5,864",,165%
2021/12/30,,,,,"7,697","6,773","6,157","3,362",,120%
2021/12/31,,,,,"6,274","5,521","5,020","3,578",,170%
AVG,,,,,"12,197","10,733","9,827","6,587",,151%
M-1,,,,,"12,199","10,735","38,383","8,616",,1.10%
Change%,,,,,-0.02%,-0.02%,-74.40%,-23.55%,,13663.33%
2022/1/1,,,,,"9,872","8,687","29,586","7,865",,-2.99%
2022/1/2,,,,,"6,888","6,062","20,644","3,858",,-24.20%
2022/1/3,,,,,"8,089","7,118","24,242","3,895",,-33.33%
2022/1/4,,,,,"7,220","6,353","21,638","3,620",,-32.19%
2022/1/5,,,,,"9,018","7,936","27,026","5,701",,-21.14%
2022/1/6,,,,,"7,749","6,819","23,223","5,073",,-9.76%
2022/1/7,,,,,"7,751","6,821","23,229","5,209",,-9.64%
2022/1/8,,,,,"6,693","5,890","20,059","3,859",,-21.45%
2022/1/9,,,,,"6,888","6,062","20,644","4,252",,-20.08%
2022/1/10,,,,,"8,089","7,118","24,242","5,754",,-4.95%
2022/1/11,,,,,"7,220","6,353","21,638","4,580",,-16.06%
2022/1/12,,,,,"9,228","8,121","27,656","5,570",,-10.47%
2022/1/13,,,,,"6,700","5,896","20,081","3,266",,-34.97%
2022/1/14,,,,,"6,178","5,436","18,514","3,031",,-30.02%
2022/1/15,,,,,"6,693","5,890","20,059","3,549",,-29.05%
2022/1/16,,,,,"6,888","6,062","20,644","3,889",,-23.27%
2022/1/17,,,,,"8,300","7,304","24,875","4,090",,-32.45%
2022/1/18,,,,,"79,726","70,159","206,649","19,138",,-67.75%
2022/1/19,,,,,"9,528","8,385","28,555","5,641",,22.46%
2022/1/20,,,,,"7,000","6,160","20,980","4,199",,-31.55%
2022/1/21,,,,,"6,578","5,788","19,713","3,389",,-33.29%
2022/1/22,,,,,"6,693","5,890","20,059","3,819",,-24.22%
2022/1/23,,,,,"6,888","6,062","20,644","4,930",,-9.14%
2022/1/24,,,,,"8,404","7,396","25,188","5,185",,-13.72%
2022/1/25,,,,,"7,220","6,353","21,638","11,816",,82.75%
2022/1/26,,,,,"9,018","7,936","27,026","5,436",,-37.86%
2022/1/27,,,,,"6,700","5,896","20,081","3,359",,-27.51%
2022/1/28,,,,,"6,178","5,436","18,514","3,295",,-31.67%
2022/1/29,,,,,"6,693","5,890","20,306","3,123",,-47.78%
2022/1/30,,,,,"5,511","4,849","16,719","2,955",,-40.76%
2022/1/31,,,,,"5,207","4,582","15,797","2,867",,-38.56%
AVG,,,,,"9,121","8,027","28,060","5,039",#DIV/0!,-21.12%
M-1,,,,,"12,197","10,733","9,827","6,587",,2
Change%,,,,,-25.22%,-25.22%,185.56%,,,
2022/2/1,,,,,"4,022","3,540","10,941","3,565",,12.03%
2022/2/2,,,,,"11,445","10,071","27,467","6,498",,-31.03%
2022/2/3,,,,,"3,686","3,243","10,025","5,974",,88.77%
2022/2/4,,,,,"3,392","2,985","8,994","3,911",,44.61%
2022/2/5,,,,,"4,340","3,819","11,804","3,796",,11.57%
2022/2/6,,,,,"3,601","3,169","9,795","2,978",,7.72%
2022/2/7,,,,,"7,040","6,195","18,669","3,987",,-23.66%
2022/2/8,,,,,"6,746","5,936","17,889","4,797",,-7.18%
2022/2/9,,,,,"8,474","7,458","22,474","5,177",,-23.34%
2022/2/10,,,,,"6,143","5,405","16,290","5,095",,11.05%
2022/2/11,,,,,"5,773","5,080","15,309","4,732",,4.96%
2022/2/12,,,,,"7,233","6,365","19,182","4,022",,-30.30%
2022/2/13,,,,,"6,001","5,281","15,916","3,423",,-30.33%
2022/2/14,,,,,"7,040","6,195","18,669","4,208",,-25.45%
2022/2/15,,,,,"6,746","5,936","17,889","4,080",,-20.17%
2022/2/16,,,,,"8,113","7,140","21,516","3,913",,-40.59%
2022/2/17,,,,,"6,143","5,405","16,290","5,144",,6.35%
2022/2/18,,,,,"42,971","37,815","103,131","8,376",,-76.06%
2022/2/19,,,,,"7,233","6,365","19,182","9,104",,46.44%
2022/2/20,,,,,"6,483","5,705","17,192","5,716",,16.71%
2022/2/21,,,,,"7,040","6,195","18,669","4,755",,-11.97%
2022/2/22,,,,,"6,866","6,042","18,210","3,712",,-28.70%
2022/2/23,,,,,"8,113","7,140","21,516","4,918",,-21.78%
2022/2/24,,,,,"6,143","5,405","16,290","4,024",,-12.56%
2022/2/25,,,,,"13,634","11,998","36,159","7,228",,-36.47%
2022/2/26,,,,,"6,087","5,356","14,242","6,446",,49.07%
2022/2/27,,,,,"5,001","4,401","11,702","3,016",,-16.24%
2022/2/28,,,,,"5,631","4,956","14,935","3,623",,-20.18%
AVG,,,,,#VALUE!,#VALUE!,,,,
M-1,,,,,#VALUE!,#VALUE!,,,,
Change%,,,,,#VALUE!,#VALUE!,,,,
2022/3/1,,,,,"6,636","5,840","14,533","4,036",,1.01%
2022/3/2,,,,,"7,882","6,936","17,262","5,069",,-22.18%
2022/3/3,,,,,"15,662","13,783","31,794","10,352",,-56.02%
2022/3/4,,,,,"5,790","5,095","12,680","2,971",,76.59%
2022/3/5,,,,,"6,265","5,513","13,720","3,837",,9.24%
2022/3/6,,,,,"6,213","5,467","12,793","3,801",,-23.54%
2022/3/7,,,,,"7,059","6,212","15,459","4,487",,-16.18%
2022/3/8,,,,,"6,919","6,089","15,153","5,025",,-8.66%
2022/3/9,,,,,"7,882","6,936","17,262","5,806",,-7.69%
2022/3/10,,,,,"6,503","5,723","14,241","3,958",,-9.85%
2022/3/11,,,,,"5,790","5,095","12,680","3,835",,-11.40%
2022/3/12,,,,,"6,295","5,540","13,327","3,515",,-20.95%
2022/3/13,,,,,"6,183","5,441","13,541","4,959",,-28.33%
2022/3/14,,,,,"8,685","7,643","17,717","4,256",,-21.14%
2022/3/15,,,,,"6,919","6,089","15,153","3,618",,-10.34%
2022/3/16,,,,,"7,882","6,936","17,262","5,921",,-17.35%
2022/3/17,,,,,"6,503","5,723","14,241","4,035",,-11.39%
2022/3/18,,,,,"45,487","40,028","92,338","24,779",,-62.45%
2022/3/19,,,,,"6,265","5,513","13,720","3,808",,196.24%
2022/3/20,,,,,"6,183","5,441","13,541","3,480",,-2.83%
2022/3/21,,,,,"7,059","6,212","15,459","3,316",,-39.76%
2022/3/22,,,,,"6,919","6,089","15,153","3,228",,-42.88%
2022/3/23,,,,,"7,882","6,936","17,262","6,477",,-21.49%
2022/3/24,,,,,"6,453","5,679","13,661","4,097",,1.28%
2022/3/25,,,,,"15,126","13,311","28,587","10,716",,-27.14%
2022/3/26,,,,,"6,265","5,513","13,720","4,607",,23.90%
2022/3/27,,,,,"6,183","5,441","13,541","4,668",,44.54%
2022/3/28,,,,,"7,601","6,689","16,874","5,014",,-9.41%
2022/3/29,,,,,"6,919","6,089","15,153","4,042",,-13.40%
2022/3/30,,,,,"7,882","6,936","17,262","5,481",,-28.01%
2022/3/31,,,,,"6,353","5,591","13,913","3,859",,3.14%
AVG,,,,,#VALUE!,#VALUE!,,,,
M-1,,,,,#VALUE!,#VALUE!,,,,
Change%,,,,,#VALUE!,#VALUE!,,,,
2022/4/1,,,,,"5,718","5,032","11,425","2,953",,
2022/4/2,,,,,"5,136","4,520","10,262","3,118",,
2022/4/3,,,,,"5,448","4,794","10,885","3,473",,
2022/4/4,,,,,"15,370","13,526","29,049","10,331",,
2022/4/5,,,,,"6,234","5,486","12,456","3,792",,
2022/4/6,,,,,"8,848","7,786","17,678","4,227",,
2022/4/7,,,,,"7,418","6,528","14,821","3,395",,
2022/4/8,,,,,"7,066","6,218","14,118","2,932",,
2022/4/9,,,,,"7,197","6,333","14,380","3,367",,
2022/4/10,,,,,"7,796","6,860","15,576","3,966",,
2022/4/11,,,,,"8,050","7,084","16,084","3,591",,
2022/4/12,,,,,"7,552","6,646","15,089","3,651",,
2022/4/13,,,,,"8,818","7,760","17,618","4,288",,
2022/4/14,,,,,"7,418","6,528","14,821","3,145",,
2022/4/15,,,,,"7,066","6,218","14,118","2,896",,
2022/4/16,,,,,"7,197","6,333","14,380","3,207",,
2022/4/17,,,,,"7,903","6,955","15,791","4,297",,
2022/4/18,,,,,"40,302","35,466","76,171","21,745",,
2022/4/19,,,,,"7,522","6,620","15,029","3,710",,
2022/4/20,,,,,"8,818","7,760","17,618","4,436",,
2022/4/21,,,,,"7,668","6,748","15,321","7,991",,
2022/4/22,,,,,"7,066","6,218","14,118",,,
2022/4/23,,,,,"7,197","6,333","14,380","3,412",,
2022/4/24,,,,,"7,746","6,816","15,476","4,087",,
2022/4/25,,,,,"15,491","13,632","29,277","1,059",,
2022/4/26,,,,,"7,772","6,839","15,528",,,
2022/4/27,,,,,"9,220","8,114","18,422",,,
2022/4/28,,,,,"7,418","6,528","14,821",,,
2022/4/29,,,,,"7,066","6,218","13,927",,,
2022/4/30,,,,,"7,197","6,333","14,185",,,
AVG,,,,,#VALUE!,#VALUE!,,,,
M-1,,,,,#VALUE!,#VALUE!,,,,
Change%,,,,,#VALUE!,#VALUE!,,,,
2022/5/1,,,,,"8,122","7,147","16,008",,,
2022/5/2,,,,,"8,717","7,671","16,946",,,
2022/5/3,,,,,"7,680","6,758","14,930",,,
2022/5/4,,,,,"9,600","8,448","18,662",,,
2022/5/5,,,,,"45,328","39,888","74,791",,,
2022/5/6,,,,,"5,616","4,942","10,918",,,
2022/5/7,,,,,"7,051","6,205","13,707",,,
2022/5/8,,,,,"8,122","7,147","15,789",,,
2022/5/9,,,,,"8,750","7,700","17,010",,,
2022/5/10,,,,,"7,680","6,758","14,930",,,
2022/5/11,,,,,"9,600","8,448","18,662",,,
2022/5/12,,,,,"7,683","6,761","14,936",,,
2022/5/13,,,,,"5,616","4,942","10,918",,,
2022/5/14,,,,,"7,051","6,205","13,707",,,
2022/5/15,,,,,"8,122","7,147","15,789",,,
2022/5/16,,,,,"8,717","7,671","16,946",,,
2022/5/17,,,,,"8,217","7,231","15,974",,,
2022/5/18,,,,,"19,416","17,086","32,036",,,
2022/5/19,,,,,"7,846","6,905","14,830",,,
2022/5/20,,,,,"5,657","4,978","10,691",,,
2022/5/21,,,,,"7,051","6,205","13,707",,,
2022/5/22,,,,,"8,337","7,337","16,207",,,
2022/5/23,,,,,"8,717","7,671","16,946",,,
2022/5/24,,,,,"7,680","6,758","14,930",,,
2022/5/25,,,,,"18,202","16,018","30,033",,,
2022/5/26,,,,,"7,683","6,761","14,936",,,
2022/5/27,,,,,"5,616","4,942","10,918",,,
2022/5/28,,,,,"7,051","6,205","13,707",,,
2022/5/29,,,,,"8,122","7,147","15,789",,,
2022/5/30,,,,,"8,824","7,765","17,154",,,
2022/5/31,,,,,"7,680","6,758","14,930",,,
AVG,,,,,#VALUE!,#VALUE!,,,,
M-1,,,,,#VALUE!,#VALUE!,,,,
Change%,,,,,#VALUE!,#VALUE!,,,,
2022/6/1,,,,,"11,318","9,960","22,307",,,
2022/6/2,,,,,"6,890","6,064","13,581",,,
2022/6/3,,,,,"4,494","3,955","8,857",,,
2022/6/4,,,,,"4,886","4,299","9,629",,,
2022/6/5,,,,,"5,568","4,900","10,974",,,
2022/6/6,,,,,"20,919","18,409","35,039",,,
2022/6/7,,,,,"7,198","6,334","14,187",,,
2022/6/8,,,,,"8,278","7,285","16,316",,,
